ID,Label
35746,14.2857
35747,14.2857
35748,14.2857
35749,14.2857
35750,14.2857
35751,14.2857
35752,14.2857
35753,14.2857
35754,14.2857
35755,14.2857
35756,14.2857
35757,14.2857
35758,14.2857
35759,14.2857
35760,14.2857
35761,14.2857
35762,14.2857
35763,14.2857
35764,14.2857
35765,14.2857
35766,14.2857
35767,14.2857
35768,14.2857
35769,14.2857
35770,14.2857
35771,14.2857
35772,14.2857
35773,14.2857
35774,14.2857
35775,14.2857
35776,14.2857
35777,14.2857
35778,14.2857
35779,14.2857
35780,14.2857
35781,14.2857
35782,14.2857
35783,14.2857
35784,14.2857
35785,14.2857
35786,14.2857
35787,14.2857
35788,14.2857
35789,14.2857
35790,14.2857
35791,14.2857
35792,14.2857
35793,14.2857
35794,14.2857
35795,14.2857
35796,14.2857
35797,14.2857
35798,14.2857
35799,14.2857
35800,14.2857
35801,14.2857
35802,14.2857
35803,14.2857
35804,14.2857
35805,14.2857
35806,14.2857
35807,14.2857
35808,14.2857
35809,14.2857
35810,14.2857
35811,14.2857
35812,14.2857
35813,14.2857
35814,14.2857
35815,14.2857
35816,14.2857
35817,14.2857
35818,14.2857
35819,14.2857
35820,14.2857
35821,14.2857
35822,14.2857
35823,14.2857
35824,14.2857
35825,14.2857
35826,14.2857
35827,14.2857
35828,14.2857
35829,14.2857
35830,14.2857
35831,14.2857
35832,14.2857
35833,14.2857
35834,14.2857
35835,14.2857
35836,14.2857
35837,14.2857
35838,14.2857
35839,14.2857
35840,14.2857
35841,14.2857
35842,14.2857
35843,14.2857
35844,14.2857
35845,14.2857
35846,14.2857
35847,14.2857
35848,14.2857
35849,14.2857
35850,14.2857
35851,14.2857
35852,14.2857
35853,14.2857
35854,14.2857
35855,14.2857
35856,14.2857
35857,14.2857
35858,14.2857
35859,14.2857
35860,14.2857
35861,14.2857
35862,14.2857
35863,14.2857
35864,14.2857
35865,14.2857
35866,14.2857
35867,14.2857
35868,14.2857
35869,14.2857
35870,14.2857
35871,14.2857
35872,14.2857
35873,14.2857
35874,14.2857
35875,14.2857
35876,14.2857
35877,14.2857
35878,14.2857
35879,14.2857
35880,14.2857
35881,14.2857
35882,14.2857
35883,14.2857
35884,14.2857
35885,14.2857
35886,14.2857
35887,14.2857
35888,14.2857
35889,14.2857
35890,14.2857
35891,14.2857
35892,14.2857
35893,14.2857
35894,14.2857
35895,14.2857
35896,14.2857
35897,14.2857
35898,14.2857
35899,14.2857
35900,14.2857
35901,14.2857
35902,14.2857
35903,14.2857
35904,14.2857
35905,14.2857
35906,14.2857
35907,14.2857
35908,14.2857
35909,14.2857
35910,14.2857
35911,14.2857
35912,14.2857
35913,14.2857
35914,14.2857
35915,14.2857
35916,14.2857
35917,14.2857
35918,14.2857
35919,14.2857
35920,14.2857
35921,14.2857
35922,14.2857
35923,14.2857
35924,14.2857
35925,14.2857
35926,14.2857
35927,14.2857
35928,14.2857
35929,14.2857
35930,14.2857
35931,14.2857
35932,14.2857
35933,14.2857
35934,14.2857
35935,14.2857
35936,14.2857
35937,14.2857
35938,14.2857
35939,14.2857
35940,14.2857
35941,14.2857
35942,14.2857
35943,14.2857
35944,14.2857
35945,14.2857
35946,14.2857
35947,14.2857
35948,14.2857
35949,14.2857
35950,14.2857
35951,14.2857
35952,14.2857
35953,14.2857
35954,14.2857
35955,14.2857
35956,14.2857
35957,14.2857
35958,14.2857
35959,14.2857
35960,14.2857
35961,14.2857
35962,14.2857
35963,14.2857
35964,14.2857
35965,14.2857
35966,14.2857
35967,14.2857
35968,14.2857
35969,14.2857
35970,14.2857
35971,14.2857
35972,14.2857
35973,14.2857
35974,14.2857
35975,14.2857
35976,14.2857
35977,14.2857
35978,14.2857
35979,14.2857
35980,14.2857
35981,14.2857
35982,14.2857
35983,14.2857
35984,14.2857
35985,14.2857
35986,14.2857
35987,14.2857
35988,14.2857
35989,14.2857
35990,14.2857
35991,14.2857
35992,14.2857
35993,14.2857
35994,14.2857
35995,14.2857
35996,14.2857
35997,14.2857
35998,14.2857
35999,14.2857
36000,14.2857
36001,14.2857
36002,14.2857
36003,14.2857
36004,14.2857
36005,14.2857
36006,14.2857
36007,14.2857
36008,14.2857
36009,14.2857
36010,14.2857
36011,14.2857
36012,14.2857
36013,14.2857
36014,14.2857
36015,14.2857
36016,14.2857
36017,14.2857
36018,14.2857
36019,14.2857
36020,14.2857
36021,14.2857
36022,14.2857
36023,14.2857
36024,14.2857
36025,14.2857
36026,14.2857
36027,14.2857
36028,14.2857
36029,14.2857
36030,14.2857
36031,14.2857
36032,14.2857
36033,14.2857
36034,14.2857
36035,14.2857
36036,14.2857
36037,14.2857
36038,14.2857
36039,14.2857
36040,14.2857
36041,14.2857
36042,14.2857
36043,14.2857
36044,14.2857
36045,14.2857
36046,14.2857
36047,14.2857
36048,14.2857
36049,14.2857
36050,14.2857
36051,14.2857
36052,14.2857
36053,14.2857
36054,14.2857
36055,14.2857
36056,14.2857
36057,14.2857
36058,14.2857
36059,14.2857
36060,14.2857
36061,14.2857
36062,14.2857
36063,14.2857
36064,14.2857
36065,14.2857
36066,14.2857
36067,14.2857
36068,14.2857
36069,14.2857
36070,14.2857
36071,14.2857
36072,14.2857
36073,14.2857
36074,14.2857
36075,14.2857
36076,14.2857
36077,14.2857
36078,14.2857
36079,14.2857
36080,14.2857
36081,14.2857
36082,14.2857
36083,14.2857
36084,14.2857
36085,14.2857
36086,14.2857
36087,14.2857
36088,14.2857
36089,14.2857
36090,14.2857
36091,14.2857
36092,14.2857
36093,14.2857
36094,14.2857
36095,14.2857
36096,14.2857
36097,14.2857
36098,14.2857
36099,14.2857
36100,14.2857
36101,14.2857
36102,14.2857
36103,14.2857
36104,14.2857
36105,14.2857
36106,14.2857
36107,14.2857
36108,14.2857
36109,14.2857
36110,14.2857
36111,14.2857
36112,14.2857
36113,14.2857
36114,14.2857
36115,14.2857
36116,14.2857
36117,14.2857
36118,14.2857
36119,14.2857
36120,14.2857
36121,14.2857
36122,14.2857
36123,14.2857
36124,14.2857
36125,14.2857
36126,14.2857
36127,14.2857
36128,14.2857
36129,14.2857
36130,14.2857
36131,14.2857
36132,14.2857
36133,14.2857
36134,14.2857
36135,14.2857
36136,14.2857
36137,14.2857
36138,14.2857
36139,14.2857
36140,14.2857
36141,14.2857
36142,14.2857
36143,14.2857
36144,14.2857
36145,14.2857
36146,14.2857
36147,14.2857
36148,14.2857
36149,14.2857
36150,14.2857
36151,14.2857
36152,14.2857
36153,14.2857
36154,14.2857
36155,14.2857
36156,14.2857
36157,14.2857
36158,14.2857
36159,14.2857
36160,14.2857
36161,14.2857
36162,14.2857
36163,14.2857
36164,14.2857
36165,14.2857
36166,14.2857
36167,14.2857
36168,14.2857
36169,14.2857
36170,14.2857
36171,14.2857
36172,14.2857
36173,14.2857
36174,14.2857
36175,14.2857
36176,14.2857
36177,14.2857
36178,14.2857
36179,14.2857
36180,14.2857
36181,14.2857
36182,14.2857
36183,14.2857
36184,14.2857
36185,14.2857
36186,14.2857
36187,14.2857
36188,14.2857
36189,14.2857
36190,14.2857
36191,14.2857
36192,14.2857
36193,14.2857
36194,14.2857
36195,14.2857
36196,14.2857
36197,14.2857
36198,14.2857
36199,14.2857
36200,14.2857
36201,14.2857
36202,14.2857
36203,14.2857
36204,14.2857
36205,14.2857
36206,14.2857
36207,14.2857
36208,14.2857
36209,14.2857
36210,14.2857
36211,14.2857
36212,14.2857
36213,14.2857
36214,14.2857
36215,14.2857
36216,14.2857
36217,14.2857
36218,14.2857
36219,14.2857
36220,14.2857
36221,14.2857
36222,14.2857
36223,14.2857
36224,14.2857
36225,14.2857
36226,14.2857
36227,14.2857
36228,14.2857
36229,14.2857
36230,14.2857
36231,14.2857
36232,14.2857
36233,14.2857
36234,14.2857
36235,14.2857
36236,14.2857
36237,14.2857
36238,14.2857
36239,14.2857
36240,14.2857
36241,14.2857
36242,14.2857
36243,14.2857
36244,14.2857
36245,14.2857
36246,14.2857
36247,14.2857
36248,14.2857
36249,14.2857
36250,14.2857
36251,14.2857
36252,14.2857
36253,14.2857
36254,14.2857
36255,14.2857
36256,14.2857
36257,14.2857
36258,14.2857
36259,14.2857
36260,14.2857
36261,14.2857
36262,14.2857
36263,14.2857
36264,14.2857
36265,14.2857
36266,14.2857
36267,14.2857
36268,14.2857
36269,14.2857
36270,14.2857
36271,14.2857
36272,14.2857
36273,14.2857
36274,14.2857
36275,14.2857
36276,14.2857
36277,14.2857
36278,14.2857
36279,14.2857
36280,14.2857
36281,14.2857
36282,14.2857
36283,14.2857
36284,14.2857
36285,14.2857
36286,14.2857
36287,14.2857
36288,14.2857
36289,14.2857
36290,14.2857
36291,14.2857
36292,14.2857
36293,14.2857
36294,14.2857
36295,14.2857
36296,14.2857
36297,14.2857
36298,14.2857
36299,14.2857
36300,14.2857
36301,14.2857
36302,14.2857
36303,14.2857
36304,14.2857
36305,14.2857
36306,14.2857
36307,14.2857
36308,14.2857
36309,14.2857
36310,14.2857
36311,14.2857
36312,14.2857
36313,14.2857
36314,14.2857
36315,14.2857
36316,14.2857
36317,14.2857
36318,14.2857
36319,14.2857
36320,14.2857
36321,14.2857
36322,14.2857
36323,14.2857
36324,14.2857
36325,14.2857
36326,14.2857
36327,14.2857
36328,14.2857
36329,14.2857
36330,14.2857
36331,14.2857
36332,14.2857
36333,14.2857
36334,14.2857
36335,14.2857
36336,14.2857
36337,14.2857
36338,14.2857
36339,14.2857
36340,14.2857
36341,14.2857
36342,14.2857
36343,14.2857
36344,14.2857
36345,14.2857
36346,14.2857
36347,14.2857
36348,14.2857
36349,14.2857
36350,14.2857
36351,14.2857
36352,14.2857
36353,14.2857
36354,14.2857
36355,14.2857
36356,14.2857
36357,14.2857
36358,14.2857
36359,14.2857
36360,14.2857
36361,14.2857
36362,14.2857
36363,14.2857
36364,14.2857
36365,14.2857
36366,14.2857
36367,14.2857
36368,14.2857
36369,14.2857
36370,14.2857
36371,14.2857
36372,14.2857
36373,14.2857
36374,14.2857
36375,14.2857
36376,14.2857
36377,14.2857
36378,14.2857
36379,14.2857
36380,14.2857
36381,14.2857
36382,14.2857
36383,14.2857
36384,14.2857
36385,14.2857
36386,14.2857
36387,14.2857
36388,14.2857
36389,14.2857
36390,14.2857
36391,14.2857
36392,14.2857
36393,14.2857
36394,14.2857
36395,14.2857
36396,14.2857
36397,14.2857
36398,14.2857
36399,14.2857
36400,14.2857
36401,14.2857
36402,14.2857
36403,14.2857
36404,14.2857
36405,14.2857
36406,14.2857
36407,14.2857
36408,14.2857
36409,14.2857
36410,14.2857
36411,14.2857
36412,14.2857
36413,14.2857
36414,14.2857
36415,14.2857
36416,14.2857
36417,14.2857
36418,14.2857
36419,14.2857
36420,14.2857
36421,14.2857
36422,14.2857
36423,14.2857
36424,14.2857
36425,14.2857
36426,14.2857
36427,14.2857
36428,14.2857
36429,14.2857
36430,14.2857
36431,14.2857
36432,14.2857
36433,14.2857
36434,14.2857
36435,14.2857
36436,14.2857
36437,14.2857
36438,14.2857
36439,14.2857
36440,14.2857
36441,14.2857
36442,14.2857
36443,14.2857
36444,14.2857
36445,14.2857
36446,14.2857
36447,14.2857
36448,14.2857
36449,14.2857
36450,14.2857
36451,14.2857
36452,14.2857
36453,14.2857
36454,14.2857
36455,14.2857
36456,14.2857
36457,14.2857
36458,14.2857
36459,14.2857
36460,14.2857
36461,14.2857
36462,14.2857
36463,14.2857
36464,14.2857
36465,14.2857
36466,14.2857
36467,14.2857
36468,14.2857
36469,14.2857
36470,14.2857
36471,14.2857
36472,14.2857
36473,14.2857
36474,14.2857
36475,14.2857
36476,14.2857
36477,14.2857
36478,14.2857
36479,14.2857
36480,14.2857
36481,14.2857
36482,14.2857
36483,14.2857
36484,14.2857
36485,14.2857
36486,14.2857
36487,14.2857
36488,14.2857
36489,14.2857
36490,14.2857
36491,14.2857
36492,14.2857
36493,14.2857
36494,14.2857
36495,14.2857
36496,14.2857
36497,14.2857
36498,14.2857
36499,14.2857
36500,14.2857
36501,14.2857
36502,14.2857
36503,14.2857
36504,14.2857
36505,14.2857
36506,14.2857
36507,14.2857
36508,14.2857
36509,14.2857
36510,14.2857
36511,14.2857
36512,14.2857
36513,14.2857
36514,14.2857
36515,14.2857
36516,14.2857
36517,14.2857
36518,14.2857
36519,14.2857
36520,14.2857
36521,14.2857
36522,14.2857
36523,14.2857
36524,14.2857
36525,14.2857
36526,14.2857
36527,14.2857
36528,14.2857
36529,14.2857
36530,14.2857
36531,14.2857
36532,14.2857
36533,14.2857
36534,14.2857
36535,14.2857
36536,14.2857
36537,14.2857
36538,14.2857
36539,14.2857
36540,14.2857
36541,14.2857
36542,14.2857
36543,14.2857
36544,14.2857
36545,14.2857
36546,14.2857
36547,14.2857
36548,14.2857
36549,14.2857
36550,14.2857
36551,14.2857
36552,14.2857
36553,14.2857
36554,14.2857
36555,14.2857
36556,14.2857
36557,14.2857
36558,14.2857
36559,14.2857
36560,14.2857
36561,14.2857
36562,14.2857
36563,14.2857
36564,14.2857
36565,14.2857
36566,14.2857
36567,14.2857
36568,14.2857
36569,14.2857
36570,14.2857
36571,14.2857
36572,14.2857
36573,14.2857
36574,14.2857
36575,14.2857
36576,14.2857
36577,14.2857
36578,14.2857
36579,14.2857
36580,14.2857
36581,14.2857
36582,14.2857
36583,14.2857
36584,14.2857
36585,14.2857
36586,14.2857
36587,14.2857
36588,14.2857
36589,14.2857
36590,14.2857
36591,14.2857
36592,14.2857
36593,14.2857
36594,14.2857
36595,14.2857
36596,14.2857
36597,14.2857
36598,14.2857
36599,14.2857
36600,14.2857
36601,14.2857
36602,14.2857
36603,14.2857
36604,14.2857
36605,14.2857
36606,14.2857
36607,14.2857
36608,14.2857
36609,14.2857
36610,14.2857
36611,14.2857
36612,14.2857
36613,14.2857
36614,14.2857
36615,14.2857
36616,14.2857
36617,14.2857
36618,14.2857
36619,14.2857
36620,14.2857
36621,14.2857
36622,14.2857
36623,14.2857
36624,14.2857
36625,14.2857
36626,14.2857
36627,14.2857
36628,14.2857
36629,14.2857
36630,14.2857
36631,14.2857
36632,14.2857
36633,14.2857
36634,14.2857
36635,14.2857
36636,14.2857
36637,14.2857
36638,14.2857
36639,14.2857
36640,14.2857
36641,14.2857
36642,14.2857
36643,14.2857
36644,14.2857
36645,14.2857
36646,14.2857
36647,14.2857
36648,14.2857
36649,14.2857
36650,14.2857
36651,14.2857
36652,14.2857
36653,14.2857
36654,14.2857
36655,14.2857
36656,14.2857
36657,14.2857
36658,14.2857
36659,14.2857
36660,14.2857
36661,14.2857
36662,14.2857
36663,14.2857
36664,14.2857
36665,14.2857
36666,14.2857
36667,14.2857
36668,14.2857
36669,14.2857
36670,14.2857
36671,14.2857
36672,14.2857
36673,14.2857
36674,14.2857
36675,14.2857
36676,14.2857
36677,14.2857
36678,14.2857
36679,14.2857
36680,14.2857
36681,14.2857
36682,14.2857
36683,14.2857
36684,14.2857
36685,14.2857
36686,14.2857
36687,14.2857
36688,14.2857
36689,14.2857
36690,14.2857
36691,14.2857
36692,14.2857
36693,14.2857
36694,14.2857
36695,14.2857
36696,14.2857
36697,14.2857
36698,14.2857
36699,14.2857
36700,14.2857
36701,14.2857
36702,14.2857
36703,14.2857
36704,14.2857
36705,14.2857
36706,14.2857
36707,14.2857
36708,14.2857
36709,14.2857
36710,14.2857
36711,14.2857
36712,14.2857
36713,14.2857
36714,14.2857
36715,14.2857
36716,14.2857
36717,14.2857
36718,14.2857
36719,14.2857
36720,14.2857
36721,14.2857
36722,14.2857
36723,14.2857
36724,14.2857
36725,14.2857
36726,14.2857
36727,14.2857
36728,14.2857
36729,14.2857
36730,14.2857
36731,14.2857
36732,14.2857
36733,14.2857
36734,14.2857
36735,14.2857
36736,14.2857
36737,14.2857
36738,14.2857
36739,14.2857
36740,14.2857
36741,14.2857
36742,14.2857
36743,14.2857
36744,14.2857
36745,14.2857
36746,14.2857
36747,14.2857
36748,14.2857
36749,14.2857
36750,14.2857
36751,14.2857
36752,14.2857
36753,14.2857
36754,14.2857
36755,14.2857
36756,14.2857
36757,14.2857
36758,14.2857
36759,14.2857
36760,14.2857
36761,14.2857
36762,14.2857
36763,14.2857
36764,14.2857
36765,14.2857
36766,14.2857
36767,14.2857
36768,14.2857
36769,14.2857
36770,14.2857
36771,14.2857
36772,14.2857
36773,14.2857
36774,14.2857
36775,14.2857
36776,14.2857
36777,14.2857
36778,14.2857
36779,14.2857
36780,14.2857
36781,14.2857
36782,14.2857
36783,14.2857
36784,14.2857
36785,14.2857
36786,14.2857
36787,14.2857
36788,14.2857
36789,14.2857
36790,14.2857
36791,14.2857
36792,14.2857
36793,14.2857
36794,14.2857
36795,14.2857
36796,14.2857
36797,14.2857
36798,14.2857
36799,14.2857
36800,14.2857
36801,14.2857
36802,14.2857
36803,14.2857
36804,14.2857
36805,14.2857
36806,14.2857
36807,14.2857
36808,14.2857
36809,14.2857
36810,14.2857
36811,14.2857
36812,14.2857
36813,14.2857
36814,14.2857
36815,14.2857
36816,14.2857
36817,14.2857
36818,14.2857
36819,14.2857
36820,14.2857
36821,14.2857
36822,14.2857
36823,14.2857
36824,14.2857
36825,14.2857
36826,14.2857
36827,14.2857
36828,14.2857
36829,14.2857
36830,14.2857
36831,14.2857
36832,14.2857
36833,14.2857
36834,14.2857
36835,14.2857
36836,14.2857
36837,14.2857
36838,14.2857
36839,14.2857
36840,14.2857
36841,14.2857
36842,14.2857
36843,14.2857
36844,14.2857
36845,14.2857
36846,14.2857
36847,14.2857
36848,14.2857
36849,14.2857
36850,14.2857
36851,14.2857
36852,14.2857
36853,14.2857
36854,14.2857
36855,14.2857
36856,14.2857
36857,14.2857
36858,14.2857
36859,14.2857
36860,14.2857
36861,14.2857
36862,14.2857
36863,14.2857
36864,14.2857
36865,14.2857
36866,14.2857
36867,14.2857
36868,14.2857
36869,14.2857
36870,14.2857
36871,14.2857
36872,14.2857
36873,14.2857
36874,14.2857
36875,14.2857
36876,14.2857
36877,14.2857
36878,14.2857
36879,14.2857
36880,14.2857
36881,14.2857
36882,14.2857
36883,14.2857
36884,14.2857
36885,14.2857
36886,14.2857
36887,14.2857
36888,14.2857
36889,14.2857
36890,14.2857
36891,14.2857
36892,14.2857
36893,14.2857
36894,14.2857
36895,14.2857
36896,14.2857
36897,14.2857
36898,14.2857
36899,14.2857
36900,14.2857
36901,14.2857
36902,14.2857
36903,14.2857
36904,14.2857
36905,14.2857
36906,14.2857
36907,14.2857
36908,14.2857
36909,14.2857
36910,14.2857
36911,14.2857
36912,14.2857
36913,14.2857
36914,14.2857
36915,14.2857
36916,14.2857
36917,14.2857
36918,14.2857
36919,14.2857
36920,14.2857
36921,14.2857
36922,14.2857
36923,14.2857
36924,14.2857
36925,14.2857
36926,14.2857
36927,14.2857
36928,14.2857
36929,14.2857
36930,14.2857
36931,14.2857
36932,14.2857
36933,14.2857
36934,14.2857
36935,14.2857
36936,14.2857
36937,14.2857
36938,14.2857
36939,14.2857
36940,14.2857
36941,14.2857
36942,14.2857
36943,14.2857
36944,14.2857
36945,14.2857
36946,14.2857
36947,14.2857
36948,14.2857
36949,14.2857
36950,14.2857
36951,14.2857
36952,14.2857
36953,14.2857
36954,14.2857
36955,14.2857
36956,14.2857
36957,14.2857
36958,14.2857
36959,14.2857
36960,14.2857
36961,14.2857
36962,14.2857
36963,14.2857
36964,14.2857
36965,14.2857
36966,14.2857
36967,14.2857
36968,14.2857
36969,14.2857
36970,14.2857
36971,14.2857
36972,14.2857
36973,14.2857
36974,14.2857
36975,14.2857
36976,14.2857
36977,14.2857
36978,14.2857
36979,14.2857
36980,14.2857
36981,14.2857
36982,14.2857
36983,14.2857
36984,14.2857
36985,14.2857
36986,14.2857
36987,14.2857
36988,14.2857
36989,14.2857
36990,14.2857
36991,14.2857
36992,14.2857
36993,14.2857
36994,14.2857
36995,14.2857
36996,14.2857
36997,14.2857
36998,14.2857
36999,14.2857
37000,14.2857
37001,14.2857
37002,14.2857
37003,14.2857
37004,14.2857
37005,14.2857
37006,14.2857
37007,14.2857
37008,14.2857
37009,14.2857
37010,14.2857
37011,14.2857
37012,14.2857
37013,14.2857
37014,14.2857
37015,14.2857
37016,14.2857
37017,14.2857
37018,14.2857
37019,14.2857
37020,14.2857
37021,14.2857
37022,14.2857
37023,14.2857
37024,14.2857
37025,14.2857
37026,14.2857
37027,14.2857
37028,14.2857
37029,14.2857
37030,14.2857
37031,14.2857
37032,14.2857
37033,14.2857
37034,14.2857
37035,14.2857
37036,14.2857
37037,14.2857
37038,14.2857
37039,14.2857
37040,14.2857
37041,14.2857
37042,14.2857
37043,14.2857
37044,14.2857
37045,14.2857
37046,14.2857
37047,14.2857
37048,14.2857
37049,14.2857
37050,14.2857
37051,14.2857
37052,14.2857
37053,14.2857
37054,14.2857
37055,14.2857
37056,14.2857
37057,14.2857
37058,14.2857
37059,14.2857
37060,14.2857
37061,14.2857
37062,14.2857
37063,14.2857
37064,14.2857
37065,14.2857
37066,14.2857
37067,14.2857
37068,14.2857
37069,14.2857
37070,14.2857
37071,14.2857
37072,14.2857
37073,14.2857
37074,14.2857
37075,14.2857
37076,14.2857
37077,14.2857
37078,14.2857
37079,14.2857
37080,14.2857
37081,14.2857
37082,14.2857
37083,14.2857
37084,14.2857
37085,14.2857
37086,14.2857
37087,14.2857
37088,14.2857
37089,14.2857
37090,14.2857
37091,14.2857
37092,14.2857
37093,14.2857
37094,14.2857
37095,14.2857
37096,14.2857
37097,14.2857
37098,14.2857
37099,14.2857
37100,14.2857
37101,14.2857
37102,14.2857
37103,14.2857
37104,14.2857
37105,14.2857
37106,14.2857
37107,14.2857
37108,14.2857
37109,14.2857
37110,14.2857
37111,14.2857
37112,14.2857
37113,14.2857
37114,14.2857
37115,14.2857
37116,14.2857
37117,14.2857
37118,14.2857
37119,14.2857
37120,14.2857
37121,14.2857
37122,14.2857
37123,14.2857
37124,14.2857
37125,14.2857
37126,14.2857
37127,14.2857
37128,14.2857
37129,14.2857
37130,14.2857
37131,14.2857
37132,14.2857
37133,14.2857
37134,14.2857
37135,14.2857
37136,14.2857
37137,14.2857
37138,14.2857
37139,14.2857
37140,14.2857
37141,14.2857
37142,14.2857
37143,14.2857
37144,14.2857
37145,14.2857
37146,14.2857
37147,14.2857
37148,14.2857
37149,14.2857
37150,14.2857
37151,14.2857
37152,14.2857
37153,14.2857
37154,14.2857
37155,14.2857
37156,14.2857
37157,14.2857
37158,14.2857
37159,14.2857
37160,14.2857
37161,14.2857
37162,14.2857
37163,14.2857
37164,14.2857
37165,14.2857
37166,14.2857
37167,14.2857
37168,14.2857
37169,14.2857
37170,14.2857
37171,14.2857
37172,14.2857
37173,14.2857
37174,14.2857
37175,14.2857
37176,14.2857
37177,14.2857
37178,14.2857
37179,14.2857
37180,14.2857
37181,14.2857
37182,14.2857
37183,14.2857
37184,14.2857
37185,14.2857
37186,14.2857
37187,14.2857
37188,14.2857
37189,14.2857
37190,14.2857
37191,14.2857
37192,14.2857
37193,14.2857
37194,14.2857
37195,14.2857
37196,14.2857
37197,14.2857
37198,14.2857
37199,14.2857
37200,14.2857
37201,14.2857
37202,14.2857
37203,14.2857
37204,14.2857
37205,14.2857
37206,14.2857
37207,14.2857
37208,14.2857
37209,14.2857
37210,14.2857
37211,14.2857
37212,14.2857
37213,14.2857
37214,14.2857
37215,14.2857
37216,14.2857
37217,14.2857
37218,14.2857
37219,14.2857
37220,14.2857
37221,14.2857
37222,14.2857
37223,14.2857
37224,14.2857
37225,14.2857
37226,14.2857
37227,14.2857
37228,14.2857
37229,14.2857
37230,14.2857
37231,14.2857
37232,14.2857
37233,14.2857
37234,14.2857
37235,14.2857
37236,14.2857
37237,14.2857
37238,14.2857
37239,14.2857
37240,14.2857
37241,14.2857
37242,14.2857
37243,14.2857
37244,14.2857
37245,14.2857
37246,14.2857
37247,14.2857
37248,14.2857
37249,14.2857
37250,14.2857
37251,14.2857
37252,14.2857
37253,14.2857
37254,14.2857
37255,14.2857
37256,14.2857
37257,14.2857
37258,14.2857
37259,14.2857
37260,14.2857
37261,14.2857
37262,14.2857
37263,14.2857
37264,14.2857
37265,14.2857
37266,14.2857
37267,14.2857
37268,14.2857
37269,14.2857
37270,14.2857
37271,14.2857
37272,14.2857
37273,14.2857
37274,14.2857
37275,14.2857
37276,14.2857
37277,14.2857
37278,14.2857
37279,14.2857
37280,14.2857
37281,14.2857
37282,14.2857
37283,14.2857
37284,14.2857
37285,14.2857
37286,14.2857
37287,14.2857
37288,14.2857
37289,14.2857
37290,14.2857
37291,14.2857
37292,14.2857
37293,14.2857
37294,14.2857
37295,14.2857
37296,14.2857
37297,14.2857
37298,14.2857
37299,14.2857
37300,14.2857
37301,14.2857
37302,14.2857
37303,14.2857
37304,14.2857
37305,14.2857
37306,14.2857
37307,14.2857
37308,14.2857
37309,14.2857
37310,14.2857
37311,14.2857
37312,14.2857
37313,14.2857
37314,14.2857
37315,14.2857
37316,14.2857
37317,14.2857
37318,14.2857
37319,14.2857
37320,14.2857
37321,14.2857
37322,14.2857
37323,14.2857
37324,14.2857
37325,14.2857
37326,14.2857
37327,14.2857
37328,14.2857
37329,14.2857
37330,14.2857
37331,14.2857
37332,14.2857
37333,14.2857
37334,14.2857
37335,14.2857
37336,14.2857
37337,14.2857
37338,14.2857
37339,14.2857
37340,14.2857
37341,14.2857
37342,14.2857
37343,14.2857
37344,14.2857
37345,14.2857
37346,14.2857
37347,14.2857
37348,14.2857
37349,14.2857
37350,14.2857
37351,14.2857
37352,14.2857
37353,14.2857
37354,14.2857
37355,14.2857
37356,14.2857
37357,14.2857
37358,14.2857
37359,14.2857
37360,14.2857
37361,14.2857
37362,14.2857
37363,14.2857
37364,14.2857
37365,14.2857
37366,14.2857
37367,14.2857
37368,14.2857
37369,14.2857
37370,14.2857
37371,14.2857
37372,14.2857
37373,14.2857
37374,14.2857
37375,14.2857
37376,14.2857
37377,14.2857
37378,14.2857
37379,14.2857
37380,14.2857
37381,14.2857
37382,14.2857
37383,14.2857
37384,14.2857
37385,14.2857
37386,14.2857
37387,14.2857
37388,14.2857
37389,14.2857
37390,14.2857
37391,14.2857
37392,14.2857
37393,14.2857
37394,14.2857
37395,14.2857
37396,14.2857
37397,14.2857
37398,14.2857
37399,14.2857
37400,14.2857
37401,14.2857
37402,14.2857
37403,14.2857
37404,14.2857
37405,14.2857
37406,14.2857
37407,14.2857
37408,14.2857
37409,14.2857
37410,14.2857
37411,14.2857
37412,14.2857
37413,14.2857
37414,14.2857
37415,14.2857
37416,14.2857
37417,14.2857
37418,14.2857
37419,14.2857
37420,14.2857
37421,14.2857
37422,14.2857
37423,14.2857
37424,14.2857
37425,14.2857
37426,14.2857
37427,14.2857
37428,14.2857
37429,14.2857
37430,14.2857
37431,14.2857
37432,14.2857
37433,14.2857
37434,14.2857
37435,14.2857
37436,14.2857
37437,14.2857
37438,14.2857
37439,14.2857
37440,14.2857
37441,14.2857
37442,14.2857
37443,14.2857
37444,14.2857
37445,14.2857
37446,14.2857
37447,14.2857
37448,14.2857
37449,14.2857
37450,14.2857
37451,14.2857
37452,14.2857
37453,14.2857
37454,14.2857
37455,14.2857
37456,14.2857
37457,14.2857
37458,14.2857
37459,14.2857
37460,14.2857
37461,14.2857
37462,14.2857
37463,14.2857
37464,14.2857
37465,14.2857
37466,14.2857
37467,14.2857
37468,14.2857
37469,14.2857
37470,14.2857
37471,14.2857
37472,14.2857
37473,14.2857
37474,14.2857
37475,14.2857
37476,14.2857
37477,14.2857
37478,14.2857
37479,14.2857
37480,14.2857
37481,14.2857
37482,14.2857
37483,14.2857
37484,14.2857
37485,14.2857
37486,14.2857
37487,14.2857
37488,14.2857
37489,14.2857
37490,14.2857
37491,14.2857
37492,14.2857
37493,14.2857
37494,14.2857
37495,14.2857
37496,14.2857
37497,14.2857
37498,14.2857
37499,14.2857
37500,14.2857
37501,14.2857
37502,14.2857
37503,14.2857
37504,14.2857
37505,14.2857
37506,14.2857
37507,14.2857
37508,14.2857
37509,14.2857
37510,14.2857
37511,14.2857
37512,14.2857
37513,14.2857
37514,14.2857
37515,14.2857
37516,14.2857
37517,14.2857
37518,14.2857
37519,14.2857
37520,14.2857
37521,14.2857
37522,14.2857
37523,14.2857
37524,14.2857
37525,14.2857
37526,14.2857
37527,14.2857
37528,14.2857
37529,14.2857
37530,14.2857
37531,14.2857
37532,14.2857
37533,14.2857
37534,14.2857
37535,14.2857
37536,14.2857
37537,14.2857
37538,14.2857
37539,14.2857
37540,14.2857
37541,14.2857
37542,14.2857
37543,14.2857
37544,14.2857
37545,14.2857
37546,14.2857
37547,14.2857
37548,14.2857
37549,14.2857
37550,14.2857
37551,14.2857
37552,14.2857
37553,14.2857
37554,14.2857
37555,14.2857
37556,14.2857
37557,14.2857
37558,14.2857
37559,14.2857
37560,14.2857
37561,14.2857
37562,14.2857
37563,14.2857
37564,14.2857
37565,14.2857
37566,14.2857
37567,14.2857
37568,14.2857
37569,14.2857
37570,14.2857
37571,14.2857
37572,14.2857
37573,14.2857
37574,14.2857
37575,14.2857
37576,14.2857
37577,14.2857
37578,14.2857
37579,14.2857
37580,14.2857
37581,14.2857
37582,14.2857
37583,14.2857
37584,14.2857
37585,14.2857
37586,14.2857
37587,14.2857
37588,14.2857
37589,14.2857
37590,14.2857
37591,14.2857
37592,14.2857
37593,14.2857
37594,14.2857
37595,14.2857
37596,14.2857
37597,14.2857
37598,14.2857
37599,14.2857
37600,14.2857
37601,14.2857
37602,14.2857
37603,14.2857
37604,14.2857
37605,14.2857
37606,14.2857
37607,14.2857
37608,14.2857
37609,14.2857
37610,14.2857
37611,14.2857
37612,14.2857
37613,14.2857
37614,14.2857
37615,14.2857
37616,14.2857
37617,14.2857
37618,14.2857
37619,14.2857
37620,14.2857
37621,14.2857
37622,14.2857
37623,14.2857
37624,14.2857
37625,14.2857
37626,14.2857
37627,14.2857
37628,14.2857
37629,14.2857
37630,14.2857
37631,14.2857
37632,14.2857
37633,14.2857
37634,14.2857
37635,14.2857
37636,14.2857
37637,14.2857
37638,14.2857
37639,14.2857
37640,14.2857
37641,14.2857
37642,14.2857
37643,14.2857
37644,14.2857
37645,14.2857
37646,14.2857
37647,14.2857
37648,14.2857
37649,14.2857
37650,14.2857
37651,14.2857
37652,14.2857
37653,14.2857
37654,14.2857
37655,14.2857
37656,14.2857
37657,14.2857
37658,14.2857
37659,14.2857
37660,14.2857
37661,14.2857
37662,14.2857
37663,14.2857
37664,14.2857
37665,14.2857
37666,14.2857
37667,14.2857
37668,14.2857
37669,14.2857
37670,14.2857
37671,14.2857
37672,14.2857
37673,14.2857
37674,14.2857
37675,14.2857
37676,14.2857
37677,14.2857
37678,14.2857
37679,14.2857
37680,14.2857
37681,14.2857
37682,14.2857
37683,14.2857
37684,14.2857
37685,14.2857
37686,14.2857
37687,14.2857
37688,14.2857
37689,14.2857
37690,14.2857
37691,14.2857
37692,14.2857
37693,14.2857
37694,14.2857
37695,14.2857
37696,14.2857
37697,14.2857
37698,14.2857
37699,14.2857
37700,14.2857
37701,14.2857
37702,14.2857
37703,14.2857
37704,14.2857
37705,14.2857
37706,14.2857
37707,14.2857
37708,14.2857
37709,14.2857
37710,14.2857
37711,14.2857
37712,14.2857
37713,14.2857
37714,14.2857
37715,14.2857
37716,14.2857
37717,14.2857
37718,14.2857
37719,14.2857
37720,14.2857
37721,14.2857
37722,14.2857
37723,14.2857
37724,14.2857
37725,14.2857
37726,14.2857
37727,14.2857
37728,14.2857
37729,14.2857
37730,14.2857
37731,14.2857
37732,14.2857
37733,14.2857
37734,14.2857
37735,14.2857
37736,14.2857
37737,14.2857
37738,14.2857
37739,14.2857
37740,14.2857
37741,14.2857
37742,14.2857
37743,14.2857
37744,14.2857
37745,14.2857
37746,14.2857
37747,14.2857
37748,14.2857
37749,14.2857
37750,14.2857
37751,14.2857
37752,14.2857
37753,14.2857
37754,14.2857
37755,14.2857
37756,14.2857
37757,14.2857
37758,14.2857
37759,14.2857
37760,14.2857
37761,14.2857
37762,14.2857
37763,14.2857
37764,14.2857
37765,14.2857
37766,14.2857
37767,14.2857
37768,14.2857
37769,14.2857
37770,14.2857
37771,14.2857
37772,14.2857
37773,14.2857
37774,14.2857
37775,14.2857
37776,14.2857
37777,14.2857
37778,14.2857
37779,14.2857
37780,14.2857
37781,14.2857
37782,14.2857
37783,14.2857
37784,14.2857
37785,14.2857
37786,14.2857
37787,14.2857
37788,14.2857
37789,14.2857
37790,14.2857
37791,14.2857
37792,14.2857
37793,14.2857
37794,14.2857
37795,14.2857
37796,14.2857
37797,14.2857
37798,14.2857
37799,14.2857
37800,14.2857
37801,14.2857
37802,14.2857
37803,14.2857
37804,14.2857
37805,14.2857
37806,14.2857
37807,14.2857
37808,14.2857
37809,14.2857
37810,14.2857
37811,14.2857
37812,14.2857
37813,14.2857
37814,14.2857
37815,14.2857
37816,14.2857
37817,14.2857
37818,14.2857
37819,14.2857
37820,14.2857
37821,14.2857
37822,14.2857
37823,14.2857
37824,14.2857
37825,14.2857
37826,14.2857
37827,14.2857
37828,14.2857
37829,14.2857
37830,14.2857
37831,14.2857
37832,14.2857
37833,14.2857
37834,14.2857
37835,14.2857
37836,14.2857
37837,14.2857
37838,14.2857
37839,14.2857
37840,14.2857
37841,14.2857
37842,14.2857
37843,14.2857
37844,14.2857
37845,14.2857
37846,14.2857
37847,14.2857
37848,14.2857
37849,14.2857
37850,14.2857
37851,14.2857
37852,14.2857
37853,14.2857
37854,14.2857
37855,14.2857
37856,14.2857
37857,14.2857
37858,14.2857
37859,14.2857
37860,14.2857
37861,14.2857
37862,14.2857
37863,14.2857
37864,14.2857
37865,14.2857
37866,14.2857
37867,14.2857
37868,14.2857
37869,14.2857
37870,14.2857
37871,14.2857
37872,14.2857
37873,14.2857
37874,14.2857
37875,14.2857
37876,14.2857
37877,14.2857
37878,14.2857
37879,14.2857
37880,14.2857
37881,14.2857
37882,14.2857
37883,14.2857
37884,14.2857
37885,14.2857
37886,14.2857
37887,14.2857
37888,14.2857
37889,14.2857
37890,14.2857
37891,14.2857
37892,14.2857
37893,14.2857
37894,14.2857
37895,14.2857
37896,14.2857
37897,14.2857
37898,14.2857
37899,14.2857
37900,14.2857
37901,14.2857
37902,14.2857
37903,14.2857
37904,14.2857
37905,14.2857
37906,14.2857
37907,14.2857
37908,14.2857
37909,14.2857
37910,14.2857
37911,14.2857
37912,14.2857
37913,14.2857
37914,14.2857
37915,14.2857
37916,14.2857
37917,14.2857
37918,14.2857
37919,14.2857
37920,14.2857
37921,14.2857
37922,14.2857
37923,14.2857
37924,14.2857
37925,14.2857
37926,14.2857
37927,14.2857
37928,14.2857
37929,14.2857
37930,14.2857
37931,14.2857
37932,14.2857
37933,14.2857
37934,14.2857
37935,14.2857
37936,14.2857
37937,14.2857
37938,14.2857
37939,14.2857
37940,14.2857
37941,14.2857
37942,14.2857
37943,14.2857
37944,14.2857
37945,14.2857
37946,14.2857
37947,14.2857
37948,14.2857
37949,14.2857
37950,14.2857
37951,14.2857
37952,14.2857
37953,14.2857
37954,14.2857
37955,14.2857
37956,14.2857
37957,14.2857
37958,14.2857
37959,14.2857
37960,14.2857
37961,14.2857
37962,14.2857
37963,14.2857
37964,14.2857
37965,14.2857
37966,14.2857
37967,14.2857
37968,14.2857
37969,14.2857
37970,14.2857
37971,14.2857
37972,14.2857
37973,14.2857
37974,14.2857
37975,14.2857
37976,14.2857
37977,14.2857
37978,14.2857
37979,14.2857
37980,14.2857
37981,14.2857
37982,14.2857
37983,14.2857
37984,14.2857
37985,14.2857
37986,14.2857
37987,14.2857
37988,14.2857
37989,14.2857
37990,14.2857
37991,14.2857
37992,14.2857
37993,14.2857
37994,14.2857
37995,14.2857
37996,14.2857
37997,14.2857
37998,14.2857
37999,14.2857
38000,14.2857
38001,14.2857
38002,14.2857
38003,14.2857
38004,14.2857
38005,14.2857
38006,14.2857
38007,14.2857
38008,14.2857
38009,14.2857
38010,14.2857
38011,14.2857
38012,14.2857
38013,14.2857
38014,14.2857
38015,14.2857
38016,14.2857
38017,14.2857
38018,14.2857
38019,14.2857
38020,14.2857
38021,14.2857
38022,14.2857
38023,14.2857
38024,14.2857
38025,14.2857
38026,14.2857
38027,14.2857
38028,14.2857
38029,14.2857
38030,14.2857
38031,14.2857
38032,14.2857
38033,14.2857
38034,14.2857
38035,14.2857
38036,14.2857
38037,14.2857
38038,14.2857
38039,14.2857
38040,14.2857
38041,14.2857
38042,14.2857
38043,14.2857
38044,14.2857
38045,14.2857
38046,14.2857
38047,14.2857
38048,14.2857
38049,14.2857
38050,14.2857
38051,14.2857
38052,14.2857
38053,14.2857
38054,14.2857
38055,14.2857
38056,14.2857
38057,14.2857
38058,14.2857
38059,14.2857
38060,14.2857
38061,14.2857
38062,14.2857
38063,14.2857
38064,14.2857
38065,14.2857
38066,14.2857
38067,14.2857
38068,14.2857
38069,14.2857
38070,14.2857
38071,14.2857
38072,14.2857
38073,14.2857
38074,14.2857
38075,14.2857
38076,14.2857
38077,14.2857
38078,14.2857
38079,14.2857
38080,14.2857
38081,14.2857
38082,14.2857
38083,14.2857
38084,14.2857
38085,14.2857
38086,14.2857
38087,14.2857
38088,14.2857
38089,14.2857
38090,14.2857
38091,14.2857
38092,14.2857
38093,14.2857
38094,14.2857
38095,14.2857
38096,14.2857
38097,14.2857
38098,14.2857
38099,14.2857
38100,14.2857
38101,14.2857
38102,14.2857
38103,14.2857
38104,14.2857
38105,14.2857
38106,14.2857
38107,14.2857
38108,14.2857
38109,14.2857
38110,14.2857
38111,14.2857
38112,14.2857
38113,14.2857
38114,14.2857
38115,14.2857
38116,14.2857
38117,14.2857
38118,14.2857
38119,14.2857
38120,14.2857
38121,14.2857
38122,14.2857
38123,14.2857
38124,14.2857
38125,14.2857
38126,14.2857
38127,14.2857
38128,14.2857
38129,14.2857
38130,14.2857
38131,14.2857
38132,14.2857
38133,14.2857
38134,14.2857
38135,14.2857
38136,14.2857
38137,14.2857
38138,14.2857
38139,14.2857
38140,14.2857
38141,14.2857
38142,14.2857
38143,14.2857
38144,14.2857
38145,14.2857
38146,14.2857
38147,14.2857
38148,14.2857
38149,14.2857
38150,14.2857
38151,14.2857
38152,14.2857
38153,14.2857
38154,14.2857
38155,14.2857
38156,14.2857
38157,14.2857
38158,14.2857
38159,14.2857
38160,14.2857
38161,14.2857
38162,14.2857
38163,14.2857
38164,14.2857
38165,14.2857
38166,14.2857
38167,14.2857
38168,14.2857
38169,14.2857
38170,14.2857
38171,14.2857
38172,14.2857
38173,14.2857
38174,14.2857
38175,14.2857
38176,14.2857
38177,14.2857
38178,14.2857
38179,14.2857
38180,14.2857
38181,14.2857
38182,14.2857
38183,14.2857
38184,14.2857
38185,14.2857
38186,14.2857
38187,14.2857
38188,14.2857
38189,14.2857
38190,14.2857
38191,14.2857
38192,14.2857
38193,14.2857
38194,14.2857
38195,14.2857
38196,14.2857
38197,14.2857
38198,14.2857
38199,14.2857
38200,14.2857
38201,14.2857
38202,14.2857
38203,14.2857
38204,14.2857
38205,14.2857
38206,14.2857
38207,14.2857
38208,14.2857
38209,14.2857
38210,14.2857
38211,14.2857
38212,14.2857
38213,14.2857
38214,14.2857
38215,14.2857
38216,14.2857
38217,14.2857
38218,14.2857
38219,14.2857
38220,14.2857
38221,14.2857
38222,14.2857
38223,14.2857
38224,14.2857
38225,14.2857
38226,14.2857
38227,14.2857
38228,14.2857
38229,14.2857
38230,14.2857
38231,14.2857
38232,14.2857
38233,14.2857
38234,14.2857
38235,14.2857
38236,14.2857
38237,14.2857
38238,14.2857
38239,14.2857
38240,14.2857
38241,14.2857
38242,14.2857
38243,14.2857
38244,14.2857
38245,14.2857
38246,14.2857
38247,14.2857
38248,14.2857
38249,14.2857
38250,14.2857
38251,14.2857
38252,14.2857
38253,14.2857
38254,14.2857
38255,14.2857
38256,14.2857
38257,14.2857
38258,14.2857
38259,14.2857
38260,14.2857
38261,14.2857
38262,14.2857
38263,14.2857
38264,14.2857
38265,14.2857
38266,14.2857
38267,14.2857
38268,14.2857
38269,14.2857
38270,14.2857
38271,14.2857
38272,14.2857
38273,14.2857
38274,14.2857
38275,14.2857
38276,14.2857
38277,14.2857
38278,14.2857
38279,14.2857
38280,14.2857
38281,14.2857
38282,14.2857
38283,14.2857
38284,14.2857
38285,14.2857
38286,14.2857
38287,14.2857
38288,14.2857
38289,14.2857
38290,14.2857
38291,14.2857
38292,14.2857
38293,14.2857
38294,14.2857
38295,14.2857
38296,14.2857
38297,14.2857
38298,14.2857
38299,14.2857
38300,14.2857
38301,14.2857
38302,14.2857
38303,14.2857
38304,14.2857
38305,14.2857
38306,14.2857
38307,14.2857
38308,14.2857
38309,14.2857
38310,14.2857
38311,14.2857
38312,14.2857
38313,14.2857
38314,14.2857
38315,14.2857
38316,14.2857
38317,14.2857
38318,14.2857
38319,14.2857
38320,14.2857
38321,14.2857
38322,14.2857
38323,14.2857
38324,14.2857
38325,14.2857
38326,14.2857
38327,14.2857
38328,14.2857
38329,14.2857
38330,14.2857
38331,14.2857
38332,14.2857
38333,14.2857
38334,14.2857
38335,14.2857
38336,14.2857
38337,14.2857
38338,14.2857
38339,14.2857
38340,14.2857
38341,14.2857
38342,14.2857
38343,14.2857
38344,14.2857
38345,14.2857
38346,14.2857
38347,14.2857
38348,14.2857
38349,14.2857
38350,14.2857
38351,14.2857
38352,14.2857
38353,14.2857
38354,14.2857
38355,14.2857
38356,14.2857
38357,14.2857
38358,14.2857
38359,14.2857
38360,14.2857
38361,14.2857
38362,14.2857
38363,14.2857
38364,14.2857
38365,14.2857
38366,14.2857
38367,14.2857
38368,14.2857
38369,14.2857
38370,14.2857
38371,14.2857
38372,14.2857
38373,14.2857
38374,14.2857
38375,14.2857
38376,14.2857
38377,14.2857
38378,14.2857
38379,14.2857
38380,14.2857
38381,14.2857
38382,14.2857
38383,14.2857
38384,14.2857
38385,14.2857
38386,14.2857
38387,14.2857
38388,14.2857
38389,14.2857
38390,14.2857
38391,14.2857
38392,14.2857
38393,14.2857
38394,14.2857
38395,14.2857
38396,14.2857
38397,14.2857
38398,14.2857
38399,14.2857
38400,14.2857
38401,14.2857
38402,14.2857
38403,14.2857
38404,14.2857
38405,14.2857
38406,14.2857
38407,14.2857
38408,14.2857
38409,14.2857
38410,14.2857
38411,14.2857
38412,14.2857
38413,14.2857
38414,14.2857
38415,14.2857
38416,14.2857
38417,14.2857
38418,14.2857
38419,14.2857
38420,14.2857
38421,14.2857
38422,14.2857
38423,14.2857
38424,14.2857
38425,14.2857
38426,14.2857
38427,14.2857
38428,14.2857
38429,14.2857
38430,14.2857
38431,14.2857
38432,14.2857
38433,14.2857
38434,14.2857
38435,14.2857
38436,14.2857
38437,14.2857
38438,14.2857
38439,14.2857
38440,14.2857
38441,14.2857
38442,14.2857
38443,14.2857
38444,14.2857
38445,14.2857
38446,14.2857
38447,14.2857
38448,14.2857
38449,14.2857
38450,14.2857
38451,14.2857
38452,14.2857
38453,14.2857
38454,14.2857
38455,14.2857
38456,14.2857
38457,14.2857
38458,14.2857
38459,14.2857
38460,14.2857
38461,14.2857
38462,14.2857
38463,14.2857
38464,14.2857
38465,14.2857
38466,14.2857
38467,14.2857
38468,14.2857
38469,14.2857
38470,14.2857
38471,14.2857
38472,14.2857
38473,14.2857
38474,14.2857
38475,14.2857
38476,14.2857
38477,14.2857
38478,14.2857
38479,14.2857
38480,14.2857
38481,14.2857
38482,14.2857
38483,14.2857
38484,14.2857
38485,14.2857
38486,14.2857
38487,14.2857
38488,14.2857
38489,14.2857
38490,14.2857
38491,14.2857
38492,14.2857
38493,14.2857
38494,14.2857
38495,14.2857
38496,14.2857
38497,14.2857
38498,14.2857
38499,14.2857
38500,14.2857
38501,14.2857
38502,14.2857
38503,14.2857
38504,14.2857
38505,14.2857
38506,14.2857
38507,14.2857
38508,14.2857
38509,14.2857
38510,14.2857
38511,14.2857
38512,14.2857
38513,14.2857
38514,14.2857
38515,14.2857
38516,14.2857
38517,14.2857
38518,14.2857
38519,14.2857
38520,14.2857
38521,14.2857
38522,14.2857
38523,14.2857
38524,14.2857
38525,14.2857
38526,14.2857
38527,14.2857
38528,14.2857
38529,14.2857
38530,14.2857
38531,14.2857
38532,14.2857
38533,14.2857
38534,14.2857
38535,14.2857
38536,14.2857
38537,14.2857
38538,14.2857
38539,14.2857
38540,14.2857
38541,14.2857
38542,14.2857
38543,14.2857
38544,14.2857
38545,14.2857
38546,14.2857
38547,14.2857
38548,14.2857
38549,14.2857
38550,14.2857
38551,14.2857
38552,14.2857
38553,14.2857
38554,14.2857
38555,14.2857
38556,14.2857
38557,14.2857
38558,14.2857
38559,14.2857
38560,14.2857
38561,14.2857
38562,14.2857
38563,14.2857
38564,14.2857
38565,14.2857
38566,14.2857
38567,14.2857
38568,14.2857
38569,14.2857
38570,14.2857
38571,14.2857
38572,14.2857
38573,14.2857
38574,14.2857
38575,14.2857
38576,14.2857
38577,14.2857
38578,14.2857
38579,14.2857
38580,14.2857
38581,14.2857
38582,14.2857
38583,14.2857
38584,14.2857
38585,14.2857
38586,14.2857
38587,14.2857
38588,14.2857
38589,14.2857
38590,14.2857
38591,14.2857
38592,14.2857
38593,14.2857
38594,14.2857
38595,14.2857
38596,14.2857
38597,14.2857
38598,14.2857
38599,14.2857
38600,14.2857
38601,14.2857
38602,14.2857
38603,14.2857
38604,14.2857
38605,14.2857
38606,14.2857
38607,14.2857
38608,14.2857
38609,14.2857
38610,14.2857
38611,14.2857
38612,14.2857
38613,14.2857
38614,14.2857
38615,14.2857
38616,14.2857
38617,14.2857
38618,14.2857
38619,14.2857
38620,14.2857
38621,14.2857
38622,14.2857
38623,14.2857
38624,14.2857
38625,14.2857
38626,14.2857
38627,14.2857
38628,14.2857
38629,14.2857
38630,14.2857
38631,14.2857
38632,14.2857
38633,14.2857
38634,14.2857
38635,14.2857
38636,14.2857
38637,14.2857
38638,14.2857
38639,14.2857
38640,14.2857
38641,14.2857
38642,14.2857
38643,14.2857
38644,14.2857
38645,14.2857
38646,14.2857
38647,14.2857
38648,14.2857
38649,14.2857
38650,14.2857
38651,14.2857
38652,14.2857
38653,14.2857
38654,14.2857
38655,14.2857
38656,14.2857
38657,14.2857
38658,14.2857
38659,14.2857
38660,14.2857
38661,14.2857
38662,14.2857
38663,14.2857
38664,14.2857
38665,14.2857
38666,14.2857
38667,14.2857
38668,14.2857
38669,14.2857
38670,14.2857
38671,14.2857
38672,14.2857
38673,14.2857
38674,14.2857
38675,14.2857
38676,14.2857
38677,14.2857
38678,14.2857
38679,14.2857
38680,14.2857
38681,14.2857
38682,14.2857
38683,14.2857
38684,14.2857
38685,14.2857
38686,14.2857
38687,14.2857
38688,14.2857
38689,14.2857
38690,14.2857
38691,14.2857
38692,14.2857
38693,14.2857
38694,14.2857
38695,14.2857
38696,14.2857
38697,14.2857
38698,14.2857
38699,14.2857
38700,14.2857
38701,14.2857
38702,14.2857
38703,14.2857
38704,14.2857
38705,14.2857
38706,14.2857
38707,14.2857
38708,14.2857
38709,14.2857
38710,14.2857
38711,14.2857
38712,14.2857
38713,14.2857
38714,14.2857
38715,14.2857
38716,14.2857
38717,14.2857
38718,14.2857
38719,14.2857
38720,14.2857
38721,14.2857
38722,14.2857
38723,14.2857
38724,14.2857
38725,14.2857
38726,14.2857
38727,14.2857
38728,14.2857
38729,14.2857
38730,14.2857
38731,14.2857
38732,14.2857
38733,14.2857
38734,14.2857
38735,14.2857
38736,14.2857
38737,14.2857
38738,14.2857
38739,14.2857
38740,14.2857
38741,14.2857
38742,14.2857
38743,14.2857
38744,14.2857
38745,14.2857
38746,14.2857
38747,14.2857
38748,14.2857
38749,14.2857
38750,14.2857
38751,14.2857
38752,14.2857
38753,14.2857
38754,14.2857
38755,14.2857
38756,14.2857
38757,14.2857
38758,14.2857
38759,14.2857
38760,14.2857
38761,14.2857
38762,14.2857
38763,14.2857
38764,14.2857
38765,14.2857
38766,14.2857
38767,14.2857
38768,14.2857
38769,14.2857
38770,14.2857
38771,14.2857
38772,14.2857
38773,14.2857
38774,14.2857
38775,14.2857
38776,14.2857
38777,14.2857
38778,14.2857
38779,14.2857
38780,14.2857
38781,14.2857
38782,14.2857
38783,14.2857
38784,14.2857
38785,14.2857
38786,14.2857
38787,14.2857
38788,14.2857
38789,14.2857
38790,14.2857
38791,14.2857
38792,14.2857
38793,14.2857
38794,14.2857
38795,14.2857
38796,14.2857
38797,14.2857
38798,14.2857
38799,14.2857
38800,14.2857
38801,14.2857
38802,14.2857
38803,14.2857
38804,14.2857
38805,14.2857
38806,14.2857
38807,14.2857
38808,14.2857
38809,14.2857
38810,14.2857
38811,14.2857
38812,14.2857
38813,14.2857
38814,14.2857
38815,14.2857
38816,14.2857
38817,14.2857
38818,14.2857
38819,14.2857
38820,14.2857
38821,14.2857
38822,14.2857
38823,14.2857
38824,14.2857
38825,14.2857
38826,14.2857
38827,14.2857
38828,14.2857
38829,14.2857
38830,14.2857
38831,14.2857
38832,14.2857
38833,14.2857
38834,14.2857
38835,14.2857
38836,14.2857
38837,14.2857
38838,14.2857
38839,14.2857
38840,14.2857
38841,14.2857
38842,14.2857
38843,14.2857
38844,14.2857
38845,14.2857
38846,14.2857
38847,14.2857
38848,14.2857
38849,14.2857
38850,14.2857
38851,14.2857
38852,14.2857
38853,14.2857
38854,14.2857
38855,14.2857
38856,14.2857
38857,14.2857
38858,14.2857
38859,14.2857
38860,14.2857
38861,14.2857
38862,14.2857
38863,14.2857
38864,14.2857
38865,14.2857
38866,14.2857
38867,14.2857
38868,14.2857
38869,14.2857
38870,14.2857
38871,14.2857
38872,14.2857
38873,14.2857
38874,14.2857
38875,14.2857
38876,14.2857
38877,14.2857
38878,14.2857
38879,14.2857
38880,14.2857
38881,14.2857
38882,14.2857
38883,14.2857
38884,14.2857
38885,14.2857
38886,14.2857
38887,14.2857
38888,14.2857
38889,14.2857
38890,14.2857
38891,14.2857
38892,14.2857
38893,14.2857
38894,14.2857
38895,14.2857
38896,14.2857
38897,14.2857
38898,14.2857
38899,14.2857
38900,14.2857
38901,14.2857
38902,14.2857
38903,14.2857
38904,14.2857
38905,14.2857
38906,14.2857
38907,14.2857
38908,14.2857
38909,14.2857
38910,14.2857
38911,14.2857
38912,14.2857
38913,14.2857
38914,14.2857
38915,14.2857
38916,14.2857
38917,14.2857
38918,14.2857
38919,14.2857
38920,14.2857
38921,14.2857
38922,14.2857
38923,14.2857
38924,14.2857
38925,14.2857
38926,14.2857
38927,14.2857
38928,14.2857
38929,14.2857
38930,14.2857
38931,14.2857
38932,14.2857
38933,14.2857
38934,14.2857
38935,14.2857
38936,14.2857
38937,14.2857
38938,14.2857
38939,14.2857
38940,14.2857
38941,14.2857
38942,14.2857
38943,14.2857
38944,14.2857
38945,14.2857
38946,14.2857
38947,14.2857
38948,14.2857
38949,14.2857
38950,14.2857
38951,14.2857
38952,14.2857
38953,14.2857
38954,14.2857
38955,14.2857
38956,14.2857
38957,14.2857
38958,14.2857
38959,14.2857
38960,14.2857
38961,14.2857
38962,14.2857
38963,14.2857
38964,14.2857
38965,14.2857
38966,14.2857
38967,14.2857
38968,14.2857
38969,14.2857
38970,14.2857
38971,14.2857
38972,14.2857
38973,14.2857
38974,14.2857
38975,14.2857
38976,14.2857
38977,14.2857
38978,14.2857
38979,14.2857
38980,14.2857
38981,14.2857
38982,14.2857
38983,14.2857
38984,14.2857
38985,14.2857
38986,14.2857
38987,14.2857
38988,14.2857
38989,14.2857
38990,14.2857
38991,14.2857
38992,14.2857
38993,14.2857
38994,14.2857
38995,14.2857
38996,14.2857
38997,14.2857
38998,14.2857
38999,14.2857
39000,14.2857
39001,14.2857
39002,14.2857
39003,14.2857
39004,14.2857
39005,14.2857
39006,14.2857
39007,14.2857
39008,14.2857
39009,14.2857
39010,14.2857
39011,14.2857
39012,14.2857
39013,14.2857
39014,14.2857
39015,14.2857
39016,14.2857
39017,14.2857
39018,14.2857
39019,14.2857
39020,14.2857
39021,14.2857
39022,14.2857
39023,14.2857
39024,14.2857
39025,14.2857
39026,14.2857
39027,14.2857
39028,14.2857
39029,14.2857
39030,14.2857
39031,14.2857
39032,14.2857
39033,14.2857
39034,14.2857
39035,14.2857
39036,14.2857
39037,14.2857
39038,14.2857
39039,14.2857
39040,14.2857
39041,14.2857
39042,14.2857
39043,14.2857
39044,14.2857
39045,14.2857
39046,14.2857
39047,14.2857
39048,14.2857
39049,14.2857
39050,14.2857
39051,14.2857
39052,14.2857
39053,14.2857
39054,14.2857
39055,14.2857
39056,14.2857
39057,14.2857
39058,14.2857
39059,14.2857
39060,14.2857
39061,14.2857
39062,14.2857
39063,14.2857
39064,14.2857
39065,14.2857
39066,14.2857
39067,14.2857
39068,14.2857
39069,14.2857
39070,14.2857
39071,14.2857
39072,14.2857
39073,14.2857
39074,14.2857
39075,14.2857
39076,14.2857
39077,14.2857
39078,14.2857
39079,14.2857
39080,14.2857
39081,14.2857
39082,14.2857
39083,14.2857
39084,14.2857
39085,14.2857
39086,14.2857
39087,14.2857
39088,14.2857
39089,14.2857
39090,14.2857
39091,14.2857
39092,14.2857
39093,14.2857
39094,14.2857
39095,14.2857
39096,14.2857
39097,14.2857
39098,14.2857
39099,14.2857
39100,14.2857
39101,14.2857
39102,14.2857
39103,14.2857
39104,14.2857
39105,14.2857
39106,14.2857
39107,14.2857
39108,14.2857
39109,14.2857
39110,14.2857
39111,14.2857
39112,14.2857
39113,14.2857
39114,14.2857
39115,14.2857
39116,14.2857
39117,14.2857
39118,14.2857
39119,14.2857
39120,14.2857
39121,14.2857
39122,14.2857
39123,14.2857
39124,14.2857
39125,14.2857
39126,14.2857
39127,14.2857
39128,14.2857
39129,14.2857
39130,14.2857
39131,14.2857
39132,14.2857
39133,14.2857
39134,14.2857
39135,14.2857
39136,14.2857
39137,14.2857
39138,14.2857
39139,14.2857
39140,14.2857
39141,14.2857
39142,14.2857
39143,14.2857
39144,14.2857
39145,14.2857
39146,14.2857
39147,14.2857
39148,14.2857
39149,14.2857
39150,14.2857
39151,14.2857
39152,14.2857
39153,14.2857
39154,14.2857
39155,14.2857
39156,14.2857
39157,14.2857
39158,14.2857
39159,14.2857
39160,14.2857
39161,14.2857
39162,14.2857
39163,14.2857
39164,14.2857
39165,14.2857
39166,14.2857
39167,14.2857
39168,14.2857
39169,14.2857
39170,14.2857
39171,14.2857
39172,14.2857
39173,14.2857
39174,14.2857
39175,14.2857
39176,14.2857
39177,14.2857
39178,14.2857
39179,14.2857
39180,14.2857
39181,14.2857
39182,14.2857
39183,14.2857
39184,14.2857
39185,14.2857
39186,14.2857
39187,14.2857
39188,14.2857
39189,14.2857
39190,14.2857
39191,14.2857
39192,14.2857
39193,14.2857
39194,14.2857
39195,14.2857
39196,14.2857
39197,14.2857
39198,14.2857
39199,14.2857
39200,14.2857
39201,14.2857
39202,14.2857
39203,14.2857
39204,14.2857
39205,14.2857
39206,14.2857
39207,14.2857
39208,14.2857
39209,14.2857
39210,14.2857
39211,14.2857
39212,14.2857
39213,14.2857
39214,14.2857
39215,14.2857
39216,14.2857
39217,14.2857
39218,14.2857
39219,14.2857
39220,14.2857
39221,14.2857
39222,14.2857
39223,14.2857
39224,14.2857
39225,14.2857
39226,14.2857
39227,14.2857
39228,14.2857
39229,14.2857
39230,14.2857
39231,14.2857
39232,14.2857
39233,14.2857
39234,14.2857
39235,14.2857
39236,14.2857
39237,14.2857
39238,14.2857
39239,14.2857
39240,14.2857
39241,14.2857
39242,14.2857
39243,14.2857
39244,14.2857
39245,14.2857
39246,14.2857
39247,14.2857
39248,14.2857
39249,14.2857
39250,14.2857
39251,14.2857
39252,14.2857
39253,14.2857
39254,14.2857
39255,14.2857
39256,14.2857
39257,14.2857
39258,14.2857
39259,14.2857
39260,14.2857
39261,14.2857
39262,14.2857
39263,14.2857
39264,14.2857
39265,14.2857
39266,14.2857
39267,14.2857
39268,14.2857
39269,14.2857
39270,14.2857
39271,14.2857
39272,14.2857
39273,14.2857
39274,14.2857
39275,14.2857
39276,14.2857
39277,14.2857
39278,14.2857
39279,14.2857
39280,14.2857
39281,14.2857
39282,14.2857
39283,14.2857
39284,14.2857
39285,14.2857
39286,14.2857
39287,14.2857
39288,14.2857
39289,14.2857
39290,14.2857
39291,14.2857
39292,14.2857
39293,14.2857
39294,14.2857
39295,14.2857
39296,14.2857
39297,14.2857
39298,14.2857
39299,14.2857
39300,14.2857
39301,14.2857
39302,14.2857
39303,14.2857
39304,14.2857
39305,14.2857
39306,14.2857
39307,14.2857
39308,14.2857
39309,14.2857
39310,14.2857
39311,14.2857
39312,14.2857
39313,14.2857
39314,14.2857
39315,14.2857
39316,14.2857
39317,14.2857
39318,14.2857
39319,14.2857
39320,14.2857
39321,14.2857
39322,14.2857
39323,14.2857
39324,14.2857
39325,14.2857
39326,14.2857
39327,14.2857
39328,14.2857
39329,14.2857
39330,14.2857
39331,14.2857
39332,14.2857
39333,14.2857
39334,14.2857
39335,14.2857
39336,14.2857
39337,14.2857
39338,14.2857
39339,14.2857
39340,14.2857
39341,14.2857
39342,14.2857
39343,14.2857
39344,14.2857
39345,14.2857
39346,14.2857
39347,14.2857
39348,14.2857
39349,14.2857
39350,14.2857
39351,14.2857
39352,14.2857
39353,14.2857
39354,14.2857
39355,14.2857
39356,14.2857
39357,14.2857
39358,14.2857
39359,14.2857
39360,14.2857
39361,14.2857
39362,14.2857
39363,14.2857
39364,14.2857
39365,14.2857
39366,14.2857
39367,14.2857
39368,14.2857
39369,14.2857
39370,14.2857
39371,14.2857
39372,14.2857
39373,14.2857
39374,14.2857
39375,14.2857
39376,14.2857
39377,14.2857
39378,14.2857
39379,14.2857
39380,14.2857
39381,14.2857
39382,14.2857
39383,14.2857
39384,14.2857
39385,14.2857
39386,14.2857
39387,14.2857
39388,14.2857
39389,14.2857
39390,14.2857
39391,14.2857
39392,14.2857
39393,14.2857
39394,14.2857
39395,14.2857
39396,14.2857
39397,14.2857
39398,14.2857
39399,14.2857
39400,14.2857
39401,14.2857
39402,14.2857
39403,14.2857
39404,14.2857
39405,14.2857
39406,14.2857
39407,14.2857
39408,14.2857
39409,14.2857
39410,14.2857
39411,14.2857
39412,14.2857
39413,14.2857
39414,14.2857
39415,14.2857
39416,14.2857
39417,14.2857
39418,14.2857
39419,14.2857
39420,14.2857
39421,14.2857
39422,14.2857
39423,14.2857
39424,14.2857
39425,14.2857
39426,14.2857
39427,14.2857
39428,14.2857
39429,14.2857
39430,14.2857
39431,14.2857
39432,14.2857
39433,14.2857
39434,14.2857
39435,14.2857
39436,14.2857
39437,14.2857
39438,14.2857
39439,14.2857
39440,14.2857
39441,14.2857
39442,14.2857
39443,14.2857
39444,14.2857
39445,14.2857
39446,14.2857
39447,14.2857
39448,14.2857
39449,14.2857
39450,14.2857
39451,14.2857
39452,14.2857
39453,14.2857
39454,14.2857
39455,14.2857
39456,14.2857
39457,14.2857
39458,14.2857
39459,14.2857
39460,14.2857
39461,14.2857
39462,14.2857
39463,14.2857
39464,14.2857
39465,14.2857
39466,14.2857
39467,14.2857
39468,14.2857
39469,14.2857
39470,14.2857
39471,14.2857
39472,14.2857
39473,14.2857
39474,14.2857
39475,14.2857
39476,14.2857
39477,14.2857
39478,14.2857
39479,14.2857
39480,14.2857
39481,14.2857
39482,14.2857
39483,14.2857
39484,14.2857
39485,14.2857
39486,14.2857
39487,14.2857
39488,14.2857
39489,14.2857
39490,14.2857
39491,14.2857
39492,14.2857
39493,14.2857
39494,14.2857
39495,14.2857
39496,14.2857
39497,14.2857
39498,14.2857
39499,14.2857
39500,14.2857
39501,14.2857
39502,14.2857
39503,14.2857
39504,14.2857
39505,14.2857
39506,14.2857
39507,14.2857
39508,14.2857
39509,14.2857
39510,14.2857
39511,14.2857
39512,14.2857
39513,14.2857
39514,14.2857
39515,14.2857
39516,14.2857
39517,14.2857
39518,14.2857
39519,14.2857
39520,14.2857
39521,14.2857
39522,14.2857
39523,14.2857
39524,14.2857
39525,14.2857
39526,14.2857
39527,14.2857
39528,14.2857
39529,14.2857
39530,14.2857
39531,14.2857
39532,14.2857
39533,14.2857
39534,14.2857
39535,14.2857
39536,14.2857
39537,14.2857
39538,14.2857
39539,14.2857
39540,14.2857
39541,14.2857
39542,14.2857
39543,14.2857
39544,14.2857
39545,14.2857
39546,14.2857
39547,14.2857
39548,14.2857
39549,14.2857
39550,14.2857
39551,14.2857
39552,14.2857
39553,14.2857
39554,14.2857
39555,14.2857
39556,14.2857
39557,14.2857
39558,14.2857
39559,14.2857
39560,14.2857
39561,14.2857
39562,14.2857
39563,14.2857
39564,14.2857
39565,14.2857
39566,14.2857
39567,14.2857
39568,14.2857
39569,14.2857
39570,14.2857
39571,14.2857
39572,14.2857
39573,14.2857
39574,14.2857
39575,14.2857
39576,14.2857
39577,14.2857
39578,14.2857
39579,14.2857
39580,14.2857
39581,14.2857
39582,14.2857
39583,14.2857
39584,14.2857
39585,14.2857
39586,14.2857
39587,14.2857
39588,14.2857
39589,14.2857
39590,14.2857
39591,14.2857
39592,14.2857
39593,14.2857
39594,14.2857
39595,14.2857
39596,14.2857
39597,14.2857
39598,14.2857
39599,14.2857
39600,14.2857
39601,14.2857
39602,14.2857
39603,14.2857
39604,14.2857
39605,14.2857
39606,14.2857
39607,14.2857
39608,14.2857
39609,14.2857
39610,14.2857
39611,14.2857
39612,14.2857
39613,14.2857
39614,14.2857
39615,14.2857
39616,14.2857
39617,14.2857
39618,14.2857
39619,14.2857
39620,14.2857
39621,14.2857
39622,14.2857
39623,14.2857
39624,14.2857
39625,14.2857
39626,14.2857
39627,14.2857
39628,14.2857
39629,14.2857
39630,14.2857
39631,14.2857
39632,14.2857
39633,14.2857
39634,14.2857
39635,14.2857
39636,14.2857
39637,14.2857
39638,14.2857
39639,14.2857
39640,14.2857
39641,14.2857
39642,14.2857
39643,14.2857
39644,14.2857
39645,14.2857
39646,14.2857
39647,14.2857
39648,14.2857
39649,14.2857
39650,14.2857
39651,14.2857
39652,14.2857
39653,14.2857
39654,14.2857
39655,14.2857
39656,14.2857
39657,14.2857
39658,14.2857
39659,14.2857
39660,14.2857
39661,14.2857
39662,14.2857
39663,14.2857
39664,14.2857
39665,14.2857
39666,14.2857
39667,14.2857
39668,14.2857
39669,14.2857
39670,14.2857
39671,14.2857
39672,14.2857
39673,14.2857
39674,14.2857
39675,14.2857
39676,14.2857
39677,14.2857
39678,14.2857
39679,14.2857
39680,14.2857
39681,14.2857
39682,14.2857
39683,14.2857
39684,14.2857
39685,14.2857
39686,14.2857
39687,14.2857
39688,14.2857
39689,14.2857
39690,14.2857
39691,14.2857
39692,14.2857
39693,14.2857
39694,14.2857
39695,14.2857
39696,14.2857
39697,14.2857
39698,14.2857
39699,14.2857
39700,14.2857
39701,14.2857
39702,14.2857
39703,14.2857
39704,14.2857
39705,14.2857
39706,14.2857
39707,14.2857
39708,14.2857
39709,14.2857
39710,14.2857
39711,14.2857
39712,14.2857
39713,14.2857
39714,14.2857
39715,14.2857
39716,14.2857
39717,14.2857
39718,14.2857
39719,14.2857
39720,14.2857
39721,14.2857
39722,14.2857
39723,14.2857
39724,14.2857
39725,14.2857
39726,14.2857
39727,14.2857
39728,14.2857
39729,14.2857
39730,14.2857
39731,14.2857
39732,14.2857
39733,14.2857
39734,14.2857
39735,14.2857
39736,14.2857
39737,14.2857
39738,14.2857
39739,14.2857
39740,14.2857
39741,14.2857
39742,14.2857
39743,14.2857
39744,14.2857
39745,14.2857
39746,14.2857
39747,14.2857
39748,14.2857
39749,14.2857
39750,14.2857
39751,14.2857
39752,14.2857
39753,14.2857
39754,14.2857
39755,14.2857
39756,14.2857
39757,14.2857
39758,14.2857
39759,14.2857
39760,14.2857
39761,14.2857
39762,14.2857
39763,14.2857
39764,14.2857
39765,14.2857
39766,14.2857
39767,14.2857
39768,14.2857
39769,14.2857
39770,14.2857
39771,14.2857
39772,14.2857
39773,14.2857
39774,14.2857
39775,14.2857
39776,14.2857
39777,14.2857
39778,14.2857
39779,14.2857
39780,14.2857
39781,14.2857
39782,14.2857
39783,14.2857
39784,14.2857
39785,14.2857
39786,14.2857
39787,14.2857
39788,14.2857
39789,14.2857
39790,14.2857
39791,14.2857
39792,14.2857
39793,14.2857
39794,14.2857
39795,14.2857
39796,14.2857
39797,14.2857
39798,14.2857
39799,14.2857
39800,14.2857
39801,14.2857
39802,14.2857
39803,14.2857
39804,14.2857
39805,14.2857
39806,14.2857
39807,14.2857
39808,14.2857
39809,14.2857
39810,14.2857
39811,14.2857
39812,14.2857
39813,14.2857
39814,14.2857
39815,14.2857
39816,14.2857
39817,14.2857
39818,14.2857
39819,14.2857
39820,14.2857
39821,14.2857
39822,14.2857
39823,14.2857
39824,14.2857
39825,14.2857
39826,14.2857
39827,14.2857
39828,14.2857
39829,14.2857
39830,14.2857
39831,14.2857
39832,14.2857
39833,14.2857
39834,14.2857
39835,14.2857
39836,14.2857
39837,14.2857
39838,14.2857
39839,14.2857
39840,14.2857
39841,14.2857
39842,14.2857
39843,14.2857
39844,14.2857
39845,14.2857
39846,14.2857
39847,14.2857
39848,14.2857
39849,14.2857
39850,14.2857
39851,14.2857
39852,14.2857
39853,14.2857
39854,14.2857
39855,14.2857
39856,14.2857
39857,14.2857
39858,14.2857
39859,14.2857
39860,14.2857
39861,14.2857
39862,14.2857
39863,14.2857
39864,14.2857
39865,14.2857
39866,14.2857
39867,14.2857
39868,14.2857
39869,14.2857
39870,14.2857
39871,14.2857
39872,14.2857
39873,14.2857
39874,14.2857
39875,14.2857
39876,14.2857
39877,14.2857
39878,14.2857
39879,14.2857
39880,14.2857
39881,14.2857
39882,14.2857
39883,14.2857
39884,14.2857
39885,14.2857
39886,14.2857
39887,14.2857
39888,14.2857
39889,14.2857
39890,14.2857
39891,14.2857
39892,14.2857
39893,14.2857
39894,14.2857
39895,14.2857
39896,14.2857
39897,14.2857
39898,14.2857
39899,14.2857
39900,14.2857
39901,14.2857
39902,14.2857
39903,14.2857
39904,14.2857
39905,14.2857
39906,14.2857
39907,14.2857
39908,14.2857
39909,14.2857
39910,14.2857
39911,14.2857
39912,14.2857
39913,14.2857
39914,14.2857
39915,14.2857
39916,14.2857
39917,14.2857
39918,14.2857
39919,14.2857
39920,14.2857
39921,14.2857
39922,14.2857
39923,14.2857
39924,14.2857
39925,14.2857
39926,14.2857
39927,14.2857
39928,14.2857
39929,14.2857
39930,14.2857
39931,14.2857
39932,14.2857
39933,14.2857
39934,14.2857
39935,14.2857
39936,14.2857
39937,14.2857
39938,14.2857
39939,14.2857
39940,14.2857
39941,14.2857
39942,14.2857
39943,14.2857
39944,14.2857
39945,14.2857
39946,14.2857
39947,14.2857
39948,14.2857
39949,14.2857
39950,14.2857
39951,14.2857
39952,14.2857
39953,14.2857
39954,14.2857
39955,14.2857
39956,14.2857
39957,14.2857
39958,14.2857
39959,14.2857
39960,14.2857
39961,14.2857
39962,14.2857
39963,14.2857
39964,14.2857
39965,14.2857
39966,14.2857
39967,14.2857
39968,14.2857
39969,14.2857
39970,14.2857
39971,14.2857
39972,14.2857
39973,14.2857
39974,14.2857
39975,14.2857
39976,14.2857
39977,14.2857
39978,14.2857
39979,14.2857
39980,14.2857
39981,14.2857
39982,14.2857
39983,14.2857
39984,14.2857
39985,14.2857
39986,14.2857
39987,14.2857
39988,14.2857
39989,14.2857
39990,14.2857
39991,14.2857
39992,14.2857
39993,14.2857
39994,14.2857
39995,14.2857
39996,14.2857
39997,14.2857
39998,14.2857
39999,14.2857
40000,14.2857
40001,14.2857
40002,14.2857
40003,14.2857
40004,14.2857
40005,14.2857
40006,14.2857
40007,14.2857
40008,14.2857
40009,14.2857
40010,14.2857
40011,14.2857
40012,14.2857
40013,14.2857
40014,14.2857
40015,14.2857
40016,14.2857
40017,14.2857
40018,14.2857
40019,14.2857
40020,14.2857
40021,14.2857
40022,14.2857
40023,14.2857
40024,14.2857
40025,14.2857
40026,14.2857
40027,14.2857
40028,14.2857
40029,14.2857
40030,14.2857
40031,14.2857
40032,14.2857
40033,14.2857
40034,14.2857
40035,14.2857
40036,14.2857
40037,14.2857
40038,14.2857
40039,14.2857
40040,14.2857
40041,14.2857
40042,14.2857
40043,14.2857
40044,14.2857
40045,14.2857
40046,14.2857
40047,14.2857
40048,14.2857
40049,14.2857
40050,14.2857
40051,14.2857
40052,14.2857
40053,14.2857
40054,14.2857
40055,14.2857
40056,14.2857
40057,14.2857
40058,14.2857
40059,14.2857
40060,14.2857
40061,14.2857
40062,14.2857
40063,14.2857
40064,14.2857
40065,14.2857
40066,14.2857
40067,14.2857
40068,14.2857
40069,14.2857
40070,14.2857
40071,14.2857
40072,14.2857
40073,14.2857
40074,14.2857
40075,14.2857
40076,14.2857
40077,14.2857
40078,14.2857
40079,14.2857
40080,14.2857
40081,14.2857
40082,14.2857
40083,14.2857
40084,14.2857
40085,14.2857
40086,14.2857
40087,14.2857
40088,14.2857
40089,14.2857
40090,14.2857
40091,14.2857
40092,14.2857
40093,14.2857
40094,14.2857
40095,14.2857
40096,14.2857
40097,14.2857
40098,14.2857
40099,14.2857
40100,14.2857
40101,14.2857
40102,14.2857
40103,14.2857
40104,14.2857
40105,14.2857
40106,14.2857
40107,14.2857
40108,14.2857
40109,14.2857
40110,14.2857
40111,14.2857
40112,14.2857
40113,14.2857
40114,14.2857
40115,14.2857
40116,14.2857
40117,14.2857
40118,14.2857
40119,14.2857
40120,14.2857
40121,14.2857
40122,14.2857
40123,14.2857
40124,14.2857
40125,14.2857
40126,14.2857
40127,14.2857
40128,14.2857
40129,14.2857
40130,14.2857
40131,14.2857
40132,14.2857
40133,14.2857
40134,14.2857
40135,14.2857
40136,14.2857
40137,14.2857
40138,14.2857
40139,14.2857
40140,14.2857
40141,14.2857
40142,14.2857
40143,14.2857
40144,14.2857
40145,14.2857
40146,14.2857
40147,14.2857
40148,14.2857
40149,14.2857
40150,14.2857
40151,14.2857
40152,14.2857
40153,14.2857
40154,14.2857
40155,14.2857
40156,14.2857
40157,14.2857
40158,14.2857
40159,14.2857
40160,14.2857
40161,14.2857
40162,14.2857
40163,14.2857
40164,14.2857
40165,14.2857
40166,14.2857
40167,14.2857
40168,14.2857
40169,14.2857
40170,14.2857
40171,14.2857
40172,14.2857
40173,14.2857
40174,14.2857
40175,14.2857
40176,14.2857
40177,14.2857
40178,14.2857
40179,14.2857
40180,14.2857
40181,14.2857
40182,14.2857
40183,14.2857
40184,14.2857
40185,14.2857
40186,14.2857
40187,14.2857
40188,14.2857
40189,14.2857
40190,14.2857
40191,14.2857
40192,14.2857
40193,14.2857
40194,14.2857
40195,14.2857
40196,14.2857
40197,14.2857
40198,14.2857
40199,14.2857
40200,14.2857
40201,14.2857
40202,14.2857
40203,14.2857
40204,14.2857
40205,14.2857
40206,14.2857
40207,14.2857
40208,14.2857
40209,14.2857
40210,14.2857
40211,14.2857
40212,14.2857
40213,14.2857
40214,14.2857
40215,14.2857
40216,14.2857
40217,14.2857
40218,14.2857
40219,14.2857
40220,14.2857
40221,14.2857
40222,14.2857
40223,14.2857
40224,14.2857
40225,14.2857
40226,14.2857
40227,14.2857
40228,14.2857
40229,14.2857
40230,14.2857
40231,14.2857
40232,14.2857
40233,14.2857
40234,14.2857
40235,14.2857
40236,14.2857
40237,14.2857
40238,14.2857
40239,14.2857
40240,14.2857
40241,14.2857
40242,14.2857
40243,14.2857
40244,14.2857
40245,14.2857
40246,14.2857
40247,14.2857
40248,14.2857
40249,14.2857
40250,14.2857
40251,14.2857
40252,14.2857
40253,14.2857
40254,14.2857
40255,14.2857
40256,14.2857
40257,14.2857
40258,14.2857
40259,14.2857
40260,14.2857
40261,14.2857
40262,14.2857
40263,14.2857
40264,14.2857
40265,14.2857
40266,14.2857
40267,14.2857
40268,14.2857
40269,14.2857
40270,14.2857
40271,14.2857
40272,14.2857
40273,14.2857
40274,14.2857
40275,14.2857
40276,14.2857
40277,14.2857
40278,14.2857
40279,14.2857
40280,14.2857
40281,14.2857
40282,14.2857
40283,14.2857
40284,14.2857
40285,14.2857
40286,14.2857
40287,14.2857
40288,14.2857
40289,14.2857
40290,14.2857
40291,14.2857
40292,14.2857
40293,14.2857
40294,14.2857
40295,14.2857
40296,14.2857
40297,14.2857
40298,14.2857
40299,14.2857
40300,14.2857
40301,14.2857
40302,14.2857
40303,14.2857
40304,14.2857
40305,14.2857
40306,14.2857
40307,14.2857
40308,14.2857
40309,14.2857
40310,14.2857
40311,14.2857
40312,14.2857
40313,14.2857
40314,14.2857
40315,14.2857
40316,14.2857
40317,14.2857
40318,14.2857
40319,14.2857
40320,14.2857
40321,14.2857
40322,14.2857
40323,14.2857
40324,14.2857
40325,14.2857
40326,14.2857
40327,14.2857
40328,14.2857
40329,14.2857
40330,14.2857
40331,14.2857
40332,14.2857
40333,14.2857
40334,14.2857
40335,14.2857
40336,14.2857
40337,14.2857
40338,14.2857
40339,14.2857
40340,14.2857
40341,14.2857
40342,14.2857
40343,14.2857
40344,14.2857
40345,14.2857
40346,14.2857
40347,14.2857
40348,14.2857
40349,14.2857
40350,14.2857
40351,14.2857
40352,14.2857
40353,14.2857
40354,14.2857
40355,14.2857
40356,14.2857
40357,14.2857
40358,14.2857
40359,14.2857
40360,14.2857
40361,14.2857
40362,14.2857
40363,14.2857
40364,14.2857
40365,14.2857
40366,14.2857
40367,14.2857
40368,14.2857
40369,14.2857
40370,14.2857
40371,14.2857
40372,14.2857
40373,14.2857
40374,14.2857
40375,14.2857
40376,14.2857
40377,14.2857
40378,14.2857
40379,14.2857
40380,14.2857
40381,14.2857
40382,14.2857
40383,14.2857
40384,14.2857
40385,14.2857
40386,14.2857
40387,14.2857
40388,14.2857
40389,14.2857
40390,14.2857
40391,14.2857
40392,14.2857
40393,14.2857
40394,14.2857
40395,14.2857
40396,14.2857
40397,14.2857
40398,14.2857
40399,14.2857
40400,14.2857
40401,14.2857
40402,14.2857
40403,14.2857
40404,14.2857
40405,14.2857
40406,14.2857
40407,14.2857
40408,14.2857
40409,14.2857
40410,14.2857
40411,14.2857
40412,14.2857
40413,14.2857
40414,14.2857
40415,14.2857
40416,14.2857
40417,14.2857
40418,14.2857
40419,14.2857
40420,14.2857
40421,14.2857
40422,14.2857
40423,14.2857
40424,14.2857
40425,14.2857
40426,14.2857
40427,14.2857
40428,14.2857
40429,14.2857
40430,14.2857
40431,14.2857
40432,14.2857
40433,14.2857
40434,14.2857
40435,14.2857
40436,14.2857
40437,14.2857
40438,14.2857
40439,14.2857
40440,14.2857
40441,14.2857
40442,14.2857
40443,14.2857
40444,14.2857
40445,14.2857
40446,14.2857
40447,14.2857
40448,14.2857
40449,14.2857
40450,14.2857
40451,14.2857
40452,14.2857
40453,14.2857
40454,14.2857
40455,14.2857
40456,14.2857
40457,14.2857
40458,14.2857
40459,14.2857
40460,14.2857
40461,14.2857
40462,14.2857
40463,14.2857
40464,14.2857
40465,14.2857
40466,14.2857
40467,14.2857
40468,14.2857
40469,14.2857
40470,14.2857
40471,14.2857
40472,14.2857
40473,14.2857
40474,14.2857
40475,14.2857
40476,14.2857
40477,14.2857
40478,14.2857
40479,14.2857
40480,14.2857
40481,14.2857
40482,14.2857
40483,14.2857
40484,14.2857
40485,14.2857
40486,14.2857
40487,14.2857
40488,14.2857
40489,14.2857
40490,14.2857
40491,14.2857
40492,14.2857
40493,14.2857
40494,14.2857
40495,14.2857
40496,14.2857
40497,14.2857
40498,14.2857
40499,14.2857
40500,14.2857
40501,14.2857
40502,14.2857
40503,14.2857
40504,14.2857
40505,14.2857
40506,14.2857
40507,14.2857
40508,14.2857
40509,14.2857
40510,14.2857
40511,14.2857
40512,14.2857
40513,14.2857
40514,14.2857
40515,14.2857
40516,14.2857
40517,14.2857
40518,14.2857
40519,14.2857
40520,14.2857
40521,14.2857
40522,14.2857
40523,14.2857
40524,14.2857
40525,14.2857
40526,14.2857
40527,14.2857
40528,14.2857
40529,14.2857
40530,14.2857
40531,14.2857
40532,14.2857
40533,14.2857
40534,14.2857
40535,14.2857
40536,14.2857
40537,14.2857
40538,14.2857
40539,14.2857
40540,14.2857
40541,14.2857
40542,14.2857
40543,14.2857
40544,14.2857
40545,14.2857
40546,14.2857
40547,14.2857
40548,14.2857
40549,14.2857
40550,14.2857
40551,14.2857
40552,14.2857
40553,14.2857
40554,14.2857
40555,14.2857
40556,14.2857
40557,14.2857
40558,14.2857
40559,14.2857
40560,14.2857
40561,14.2857
40562,14.2857
40563,14.2857
40564,14.2857
40565,14.2857
40566,14.2857
40567,14.2857
40568,14.2857
40569,14.2857
40570,14.2857
40571,14.2857
40572,14.2857
40573,14.2857
40574,14.2857
40575,14.2857
40576,14.2857
40577,14.2857
40578,14.2857
40579,14.2857
40580,14.2857
40581,14.2857
40582,14.2857
40583,14.2857
40584,14.2857
40585,14.2857
40586,14.2857
40587,14.2857
40588,14.2857
40589,14.2857
40590,14.2857
40591,14.2857
40592,14.2857
40593,14.2857
40594,14.2857
40595,14.2857
40596,14.2857
40597,14.2857
40598,14.2857
40599,14.2857
40600,14.2857
40601,14.2857
40602,14.2857
40603,14.2857
40604,14.2857
40605,14.2857
40606,14.2857
40607,14.2857
40608,14.2857
40609,14.2857
40610,14.2857
40611,14.2857
40612,14.2857
40613,14.2857
40614,14.2857
40615,14.2857
40616,14.2857
40617,14.2857
40618,14.2857
40619,14.2857
40620,14.2857
40621,14.2857
40622,14.2857
40623,14.2857
40624,14.2857
40625,14.2857
40626,14.2857
40627,14.2857
40628,14.2857
40629,14.2857
40630,14.2857
40631,14.2857
40632,14.2857
40633,14.2857
40634,14.2857
40635,14.2857
40636,14.2857
40637,14.2857
40638,14.2857
40639,14.2857
40640,14.2857
40641,14.2857
40642,14.2857
40643,14.2857
40644,14.2857
40645,14.2857
40646,14.2857
40647,14.2857
40648,14.2857
40649,14.2857
40650,14.2857
40651,14.2857
40652,14.2857
40653,14.2857
40654,14.2857
40655,14.2857
40656,14.2857
40657,14.2857
40658,14.2857
40659,14.2857
40660,14.2857
40661,14.2857
40662,14.2857
40663,14.2857
40664,14.2857
40665,14.2857
40666,14.2857
40667,14.2857
40668,14.2857
40669,14.2857
40670,14.2857
40671,14.2857
40672,14.2857
40673,14.2857
40674,14.2857
40675,14.2857
40676,14.2857
40677,14.2857
40678,14.2857
40679,14.2857
40680,14.2857
40681,14.2857
40682,14.2857
40683,14.2857
40684,14.2857
40685,14.2857
40686,14.2857
40687,14.2857
40688,14.2857
40689,14.2857
40690,14.2857
40691,14.2857
40692,14.2857
40693,14.2857
40694,14.2857
40695,14.2857
40696,14.2857
40697,14.2857
40698,14.2857
40699,14.2857
40700,14.2857
40701,14.2857
40702,14.2857
40703,14.2857
40704,14.2857
40705,14.2857
40706,14.2857
40707,14.2857
40708,14.2857
40709,14.2857
40710,14.2857
40711,14.2857
40712,14.2857
40713,14.2857
40714,14.2857
40715,14.2857
40716,14.2857
40717,14.2857
40718,14.2857
40719,14.2857
40720,14.2857
40721,14.2857
40722,14.2857
40723,14.2857
40724,14.2857
40725,14.2857
40726,14.2857
40727,14.2857
40728,14.2857
40729,14.2857
40730,14.2857
40731,14.2857
40732,14.2857
40733,14.2857
40734,14.2857
40735,14.2857
40736,14.2857
40737,14.2857
40738,14.2857
40739,14.2857
40740,14.2857
40741,14.2857
40742,14.2857
40743,14.2857
40744,14.2857
40745,14.2857
40746,14.2857
40747,14.2857
40748,14.2857
40749,14.2857
40750,14.2857
40751,14.2857
40752,14.2857
40753,14.2857
40754,14.2857
40755,14.2857
40756,14.2857
40757,14.2857
40758,14.2857
40759,14.2857
40760,14.2857
40761,14.2857
40762,14.2857
40763,14.2857
40764,14.2857
40765,14.2857
40766,14.2857
40767,14.2857
40768,14.2857
40769,14.2857
40770,14.2857
40771,14.2857
40772,14.2857
40773,14.2857
40774,14.2857
40775,14.2857
40776,14.2857
40777,14.2857
40778,14.2857
40779,14.2857
40780,14.2857
40781,14.2857
40782,14.2857
40783,14.2857
40784,14.2857
40785,14.2857
40786,14.2857
40787,14.2857
40788,14.2857
40789,14.2857
40790,14.2857
40791,14.2857
40792,14.2857
40793,14.2857
40794,14.2857
40795,14.2857
40796,14.2857
40797,14.2857
40798,14.2857
40799,14.2857
40800,14.2857
40801,14.2857
40802,14.2857
40803,14.2857
40804,14.2857
40805,14.2857
40806,14.2857
40807,14.2857
40808,14.2857
40809,14.2857
40810,14.2857
40811,14.2857
40812,14.2857
40813,14.2857
40814,14.2857
40815,14.2857
40816,14.2857
40817,14.2857
40818,14.2857
40819,14.2857
40820,14.2857
40821,14.2857
40822,14.2857
40823,14.2857
40824,14.2857
40825,14.2857
40826,14.2857
40827,14.2857
40828,14.2857
40829,14.2857
40830,14.2857
40831,14.2857
40832,14.2857
40833,14.2857
40834,14.2857
40835,14.2857
40836,14.2857
40837,14.2857
40838,14.2857
40839,14.2857
40840,14.2857
40841,14.2857
40842,14.2857
40843,14.2857
40844,14.2857
40845,14.2857
40846,14.2857
40847,14.2857
40848,14.2857
40849,14.2857
40850,14.2857
40851,14.2857
40852,14.2857
40853,14.2857
40854,14.2857
40855,14.2857
40856,14.2857
40857,14.2857
40858,14.2857
40859,14.2857
40860,14.2857
40861,14.2857
40862,14.2857
40863,14.2857
40864,14.2857
40865,14.2857
40866,14.2857
40867,14.2857
40868,14.2857
40869,14.2857
40870,14.2857
40871,14.2857
40872,14.2857
40873,14.2857
40874,14.2857
40875,14.2857
40876,14.2857
40877,14.2857
40878,14.2857
40879,14.2857
40880,14.2857
40881,14.2857
40882,14.2857
40883,14.2857
40884,14.2857
40885,14.2857
40886,14.2857
40887,14.2857
40888,14.2857
40889,14.2857
40890,14.2857
40891,14.2857
40892,14.2857
40893,14.2857
40894,14.2857
40895,14.2857
40896,14.2857
40897,14.2857
40898,14.2857
40899,14.2857
40900,14.2857
40901,14.2857
40902,14.2857
40903,14.2857
40904,14.2857
40905,14.2857
40906,14.2857
40907,14.2857
40908,14.2857
40909,14.2857
40910,14.2857
40911,14.2857
40912,14.2857
40913,14.2857
40914,14.2857
40915,14.2857
40916,14.2857
40917,14.2857
40918,14.2857
40919,14.2857
40920,14.2857
40921,14.2857
40922,14.2857
40923,14.2857
40924,14.2857
40925,14.2857
40926,14.2857
40927,14.2857
40928,14.2857
40929,14.2857
40930,14.2857
40931,14.2857
40932,14.2857
40933,14.2857
40934,14.2857
40935,14.2857
40936,14.2857
40937,14.2857
40938,14.2857
40939,14.2857
40940,14.2857
40941,14.2857
40942,14.2857
40943,14.2857
40944,14.2857
40945,14.2857
40946,14.2857
40947,14.2857
40948,14.2857
40949,14.2857
40950,14.2857
40951,14.2857
40952,14.2857
40953,14.2857
40954,14.2857
40955,14.2857
40956,14.2857
40957,14.2857
40958,14.2857
40959,14.2857
40960,14.2857
40961,14.2857
40962,14.2857
40963,14.2857
40964,14.2857
40965,14.2857
40966,14.2857
40967,14.2857
40968,14.2857
40969,14.2857
40970,14.2857
40971,14.2857
40972,14.2857
40973,14.2857
40974,14.2857
40975,14.2857
40976,14.2857
40977,14.2857
40978,14.2857
40979,14.2857
40980,14.2857
40981,14.2857
40982,14.2857
40983,14.2857
40984,14.2857
40985,14.2857
40986,14.2857
40987,14.2857
40988,14.2857
40989,14.2857
40990,14.2857
40991,14.2857
40992,14.2857
40993,14.2857
40994,14.2857
40995,14.2857
40996,14.2857
40997,14.2857
40998,14.2857
40999,14.2857
41000,14.2857
41001,14.2857
41002,14.2857
41003,14.2857
41004,14.2857
41005,14.2857
41006,14.2857
41007,14.2857
41008,14.2857
41009,14.2857
41010,14.2857
41011,14.2857
41012,14.2857
41013,14.2857
41014,14.2857
41015,14.2857
41016,14.2857
41017,14.2857
41018,14.2857
41019,14.2857
41020,14.2857
41021,14.2857
41022,14.2857
41023,14.2857
41024,14.2857
41025,14.2857
41026,14.2857
41027,14.2857
41028,14.2857
41029,14.2857
41030,14.2857
41031,14.2857
41032,14.2857
41033,14.2857
41034,14.2857
41035,14.2857
41036,14.2857
41037,14.2857
41038,14.2857
41039,14.2857
41040,14.2857
41041,14.2857
41042,14.2857
41043,14.2857
41044,14.2857
41045,14.2857
41046,14.2857
41047,14.2857
41048,14.2857
41049,14.2857
41050,14.2857
41051,14.2857
41052,14.2857
41053,14.2857
41054,14.2857
41055,14.2857
41056,14.2857
41057,14.2857
41058,14.2857
41059,14.2857
41060,14.2857
41061,14.2857
41062,14.2857
41063,14.2857
41064,14.2857
41065,14.2857
41066,14.2857
41067,14.2857
41068,14.2857
41069,14.2857
41070,14.2857
41071,14.2857
41072,14.2857
41073,14.2857
41074,14.2857
41075,14.2857
41076,14.2857
41077,14.2857
41078,14.2857
41079,14.2857
41080,14.2857
41081,14.2857
41082,14.2857
41083,14.2857
41084,14.2857
41085,14.2857
41086,14.2857
41087,14.2857
41088,14.2857
41089,14.2857
41090,14.2857
41091,14.2857
41092,14.2857
41093,14.2857
41094,14.2857
41095,14.2857
41096,14.2857
41097,14.2857
41098,14.2857
41099,14.2857
41100,14.2857
41101,14.2857
41102,14.2857
41103,14.2857
41104,14.2857
41105,14.2857
41106,14.2857
41107,14.2857
41108,14.2857
41109,14.2857
41110,14.2857
41111,14.2857
41112,14.2857
41113,14.2857
41114,14.2857
41115,14.2857
41116,14.2857
41117,14.2857
41118,14.2857
41119,14.2857
41120,14.2857
41121,14.2857
41122,14.2857
41123,14.2857
41124,14.2857
41125,14.2857
41126,14.2857
41127,14.2857
41128,14.2857
41129,14.2857
41130,14.2857
41131,14.2857
41132,14.2857
41133,14.2857
41134,14.2857
41135,14.2857
41136,14.2857
41137,14.2857
41138,14.2857
41139,14.2857
41140,14.2857
41141,14.2857
41142,14.2857
41143,14.2857
41144,14.2857
41145,14.2857
41146,14.2857
41147,14.2857
41148,14.2857
41149,14.2857
41150,14.2857
41151,14.2857
41152,14.2857
41153,14.2857
41154,14.2857
41155,14.2857
41156,14.2857
41157,14.2857
41158,14.2857
41159,14.2857
41160,14.2857
41161,14.2857
41162,14.2857
41163,14.2857
41164,14.2857
41165,14.2857
41166,14.2857
41167,14.2857
41168,14.2857
41169,14.2857
41170,14.2857
41171,14.2857
41172,14.2857
41173,14.2857
41174,14.2857
41175,14.2857
41176,14.2857
41177,14.2857
41178,14.2857
41179,14.2857
41180,14.2857
41181,14.2857
41182,14.2857
41183,14.2857
41184,14.2857
41185,14.2857
41186,14.2857
41187,14.2857
41188,14.2857
41189,14.2857
41190,14.2857
41191,14.2857
41192,14.2857
41193,14.2857
41194,14.2857
41195,14.2857
41196,14.2857
41197,14.2857
41198,14.2857
41199,14.2857
41200,14.2857
41201,14.2857
41202,14.2857
41203,14.2857
41204,14.2857
41205,14.2857
41206,14.2857
41207,14.2857
41208,14.2857
41209,14.2857
41210,14.2857
41211,14.2857
41212,14.2857
41213,14.2857
41214,14.2857
41215,14.2857
41216,14.2857
41217,14.2857
41218,14.2857
41219,14.2857
41220,14.2857
41221,14.2857
41222,14.2857
41223,14.2857
41224,14.2857
41225,14.2857
41226,14.2857
41227,14.2857
41228,14.2857
41229,14.2857
41230,14.2857
41231,14.2857
41232,14.2857
41233,14.2857
41234,14.2857
41235,14.2857
41236,14.2857
41237,14.2857
41238,14.2857
41239,14.2857
41240,14.2857
41241,14.2857
41242,14.2857
41243,14.2857
41244,14.2857
41245,14.2857
41246,14.2857
41247,14.2857
41248,14.2857
41249,14.2857
41250,14.2857
41251,14.2857
41252,14.2857
41253,14.2857
41254,14.2857
41255,14.2857
41256,14.2857
41257,14.2857
41258,14.2857
41259,14.2857
41260,14.2857
41261,14.2857
41262,14.2857
41263,14.2857
41264,14.2857
41265,14.2857
41266,14.2857
41267,14.2857
41268,14.2857
41269,14.2857
41270,14.2857
41271,14.2857
41272,14.2857
41273,14.2857
41274,14.2857
41275,14.2857
41276,14.2857
41277,14.2857
41278,14.2857
41279,14.2857
41280,14.2857
41281,14.2857
41282,14.2857
41283,14.2857
41284,14.2857
41285,14.2857
41286,14.2857
41287,14.2857
41288,14.2857
41289,14.2857
41290,14.2857
41291,14.2857
41292,14.2857
41293,14.2857
41294,14.2857
41295,14.2857
41296,14.2857
41297,14.2857
41298,14.2857
41299,14.2857
41300,14.2857
41301,14.2857
41302,14.2857
41303,14.2857
41304,14.2857
41305,14.2857
41306,14.2857
41307,14.2857
41308,14.2857
41309,14.2857
41310,14.2857
41311,14.2857
41312,14.2857
41313,14.2857
41314,14.2857
41315,14.2857
41316,14.2857
41317,14.2857
41318,14.2857
41319,14.2857
41320,14.2857
41321,14.2857
41322,14.2857
41323,14.2857
41324,14.2857
41325,14.2857
41326,14.2857
41327,14.2857
41328,14.2857
41329,14.2857
41330,14.2857
41331,14.2857
41332,14.2857
41333,14.2857
41334,14.2857
41335,14.2857
41336,14.2857
41337,14.2857
41338,14.2857
41339,14.2857
41340,14.2857
41341,14.2857
41342,14.2857
41343,14.2857
41344,14.2857
41345,14.2857
41346,14.2857
41347,14.2857
41348,14.2857
41349,14.2857
41350,14.2857
41351,14.2857
41352,14.2857
41353,14.2857
41354,14.2857
41355,14.2857
41356,14.2857
41357,14.2857
41358,14.2857
41359,14.2857
41360,14.2857
41361,14.2857
41362,14.2857
41363,14.2857
41364,14.2857
41365,14.2857
41366,14.2857
41367,14.2857
41368,14.2857
41369,14.2857
41370,14.2857
41371,14.2857
41372,14.2857
41373,14.2857
41374,14.2857
41375,14.2857
41376,14.2857
41377,14.2857
41378,14.2857
41379,14.2857
41380,14.2857
41381,14.2857
41382,14.2857
41383,14.2857
41384,14.2857
41385,14.2857
41386,14.2857
41387,14.2857
41388,14.2857
41389,14.2857
41390,14.2857
41391,14.2857
41392,14.2857
41393,14.2857
41394,14.2857
41395,14.2857
41396,14.2857
41397,14.2857
41398,14.2857
41399,14.2857
41400,14.2857
41401,14.2857
41402,14.2857
41403,14.2857
41404,14.2857
41405,14.2857
41406,14.2857
41407,14.2857
41408,14.2857
41409,14.2857
41410,14.2857
41411,14.2857
41412,14.2857
41413,14.2857
41414,14.2857
41415,14.2857
41416,14.2857
41417,14.2857
41418,14.2857
41419,14.2857
41420,14.2857
41421,14.2857
41422,14.2857
41423,14.2857
41424,14.2857
41425,14.2857
41426,14.2857
41427,14.2857
41428,14.2857
41429,14.2857
41430,14.2857
41431,14.2857
41432,14.2857
41433,14.2857
41434,14.2857
41435,14.2857
41436,14.2857
41437,14.2857
41438,14.2857
41439,14.2857
41440,14.2857
41441,14.2857
41442,14.2857
41443,14.2857
41444,14.2857
41445,14.2857
41446,14.2857
41447,14.2857
41448,14.2857
41449,14.2857
41450,14.2857
41451,14.2857
41452,14.2857
41453,14.2857
41454,14.2857
41455,14.2857
41456,14.2857
41457,14.2857
41458,14.2857
41459,14.2857
41460,14.2857
41461,14.2857
41462,14.2857
41463,14.2857
41464,14.2857
41465,14.2857
41466,14.2857
41467,14.2857
41468,14.2857
41469,14.2857
41470,14.2857
41471,14.2857
41472,14.2857
41473,14.2857
41474,14.2857
41475,14.2857
41476,14.2857
41477,14.2857
41478,14.2857
41479,14.2857
41480,14.2857
41481,14.2857
41482,14.2857
41483,14.2857
41484,14.2857
41485,14.2857
41486,14.2857
41487,14.2857
41488,14.2857
41489,14.2857
41490,14.2857
41491,14.2857
41492,14.2857
41493,14.2857
41494,14.2857
41495,14.2857
41496,14.2857
41497,14.2857
41498,14.2857
41499,14.2857
41500,14.2857
41501,14.2857
41502,14.2857
41503,14.2857
41504,14.2857
41505,14.2857
41506,14.2857
41507,14.2857
41508,14.2857
41509,14.2857
41510,14.2857
41511,14.2857
41512,14.2857
41513,14.2857
41514,14.2857
41515,14.2857
41516,14.2857
41517,14.2857
41518,14.2857
41519,14.2857
41520,14.2857
41521,14.2857
41522,14.2857
41523,14.2857
41524,14.2857
41525,14.2857
41526,14.2857
41527,14.2857
41528,14.2857
41529,14.2857
41530,14.2857
41531,14.2857
41532,14.2857
41533,14.2857
41534,14.2857
41535,14.2857
41536,14.2857
41537,14.2857
41538,14.2857
41539,14.2857
41540,14.2857
41541,14.2857
41542,14.2857
41543,14.2857
41544,14.2857
41545,14.2857
41546,14.2857
41547,14.2857
41548,14.2857
41549,14.2857
41550,14.2857
41551,14.2857
41552,14.2857
41553,14.2857
41554,14.2857
41555,14.2857
41556,14.2857
41557,14.2857
41558,14.2857
41559,14.2857
41560,14.2857
41561,14.2857
41562,14.2857
41563,14.2857
41564,14.2857
41565,14.2857
41566,14.2857
41567,14.2857
41568,14.2857
41569,14.2857
41570,14.2857
41571,14.2857
41572,14.2857
41573,14.2857
41574,14.2857
41575,14.2857
41576,14.2857
41577,14.2857
41578,14.2857
41579,14.2857
41580,14.2857
41581,14.2857
41582,14.2857
41583,14.2857
41584,14.2857
41585,14.2857
41586,14.2857
41587,14.2857
41588,14.2857
41589,14.2857
41590,14.2857
41591,14.2857
41592,14.2857
41593,14.2857
41594,14.2857
41595,14.2857
41596,14.2857
41597,14.2857
41598,14.2857
41599,14.2857
41600,14.2857
41601,14.2857
41602,14.2857
41603,14.2857
41604,14.2857
41605,14.2857
41606,14.2857
41607,14.2857
41608,14.2857
41609,14.2857
41610,14.2857
41611,14.2857
41612,14.2857
41613,14.2857
41614,14.2857
41615,14.2857
41616,14.2857
41617,14.2857
41618,14.2857
41619,14.2857
41620,14.2857
41621,14.2857
41622,14.2857
41623,14.2857
41624,14.2857
41625,14.2857
41626,14.2857
41627,14.2857
41628,14.2857
41629,14.2857
41630,14.2857
41631,14.2857
41632,14.2857
41633,14.2857
41634,14.2857
41635,14.2857
41636,14.2857
41637,14.2857
41638,14.2857
41639,14.2857
41640,14.2857
41641,14.2857
41642,14.2857
41643,14.2857
41644,14.2857
41645,14.2857
41646,14.2857
41647,14.2857
41648,14.2857
41649,14.2857
41650,14.2857
41651,14.2857
41652,14.2857
41653,14.2857
41654,14.2857
41655,14.2857
41656,14.2857
41657,14.2857
41658,14.2857
41659,14.2857
41660,14.2857
41661,14.2857
41662,14.2857
41663,14.2857
41664,14.2857
41665,14.2857
41666,14.2857
41667,14.2857
41668,14.2857
41669,14.2857
41670,14.2857
41671,14.2857
41672,14.2857
41673,14.2857
41674,14.2857
41675,14.2857
41676,14.2857
41677,14.2857
41678,14.2857
41679,14.2857
41680,14.2857
41681,14.2857
41682,14.2857
41683,14.2857
41684,14.2857
41685,14.2857
41686,14.2857
41687,14.2857
41688,14.2857
41689,14.2857
41690,14.2857
41691,14.2857
41692,14.2857
41693,14.2857
41694,14.2857
41695,14.2857
41696,14.2857
41697,14.2857
41698,14.2857
41699,14.2857
41700,14.2857
41701,14.2857
41702,14.2857
41703,14.2857
41704,14.2857
41705,14.2857
41706,14.2857
41707,14.2857
41708,14.2857
41709,14.2857
41710,14.2857
41711,14.2857
41712,14.2857
41713,14.2857
41714,14.2857
41715,14.2857
41716,14.2857
41717,14.2857
41718,14.2857
41719,14.2857
41720,14.2857
41721,14.2857
41722,14.2857
41723,14.2857
41724,14.2857
41725,14.2857
41726,14.2857
41727,14.2857
41728,14.2857
41729,14.2857
41730,14.2857
41731,14.2857
41732,14.2857
41733,14.2857
41734,14.2857
41735,14.2857
41736,14.2857
41737,14.2857
41738,14.2857
41739,14.2857
41740,14.2857
41741,14.2857
41742,14.2857
41743,14.2857
41744,14.2857
41745,14.2857
41746,14.2857
41747,14.2857
41748,14.2857
41749,14.2857
41750,14.2857
41751,14.2857
41752,14.2857
41753,14.2857
41754,14.2857
41755,14.2857
41756,14.2857
